номер,название,вес,объем,бренд,цена,кол-во
0092225500,SEEGERRING,0.011,0.03,nissan,80.17,1
009331221A,STOPFEN,0.01,0.027,nissan,231.87,1
0093315010,STOPFEN,0.05,0.135,nissan,309.68,1
0128100111,BUCHSE,0.004,0.012,nissan,257.81,1
0128100271,BUCHSE,0.002,0.006,nissan,309.68,1
0128100831,BUCHSE,0.001,0.003,nissan,257.81,1
0128101081,BUCHSE,0.004,0.012,nissan,343.48,1
0151500161,SCHRAUBE,0.01,0.027,nissan,343.48,1
015530034U,KLAMMER,0.002,0.006,nissan,257.81,1
015530038U,KLAMMER,0.002,0.006,nissan,257.81,1
0155300401,KLAMMER,0.002,0.006,nissan,309.68,1
0155302253,KLAMMER,0.002,0.006,nissan,257.81,1
0155302741,KLAMMER,0.002,0.006,nissan,231.87,1
0155303643,KLAMMER,0.001,0.003,nissan,309.68,1
0155303831,KLAMMER,0.002,0.006,nissan,309.68,1
0155304691,KLAMMER,0.001,0.003,nissan,257.81,1
0155305131,KLAMMER,0.001,0.003,nissan,257.81,1
0155305233,KLAMMER,0.011,0.03,nissan,257.81,1
0155305363,KLAMMER,0.001,0.003,nissan,257.81,1
0155305393,CLIP,0.002,0.006,nissan,257.81,1
0155305751,KLAMMER,0.001,0.003,nissan,309.68,1
0155306461,KLAMMER,0.001,0.003,nissan,257.81,1
0155308231,KLAMMER,0.004,0.012,nissan,257.81,1
0155308361,KLAMMER,0.001,0.003,nissan,257.81,1
0155308541,KLAMMER,0.002,0.006,nissan,257.81,1
0155309001,KLAMMER,0.002,0.006,nissan,257.81,1
0155309021,KLAMMER,0.001,0.003,nissan,257.81,1
0155310021,KLAMMER,0.004,0.012,nissan,75.46,1
0155310051,KLAMMER,0.002,0.006,nissan,429.94,1
0155400061,KLAMMER,0.002,0.006,nissan,257.81,1
0164800121,STOPFEN,0.01,0.027,nissan,231.87,1
0165800951,STOPFEN,0.014,0.039,nissan,619.37,1
02260122C0,EINSATZ,0.44,1.2,nissan,1061.89,1
0280919300,KLAMMER,0.001,0.003,nissan,257.81,1
089152441A,DIST-SCHEIBE,0.012,0.033,nissan,231.87,1
110440W000,KOPFDICHTUNG,0.136,0.372,nissan,4782.02,1
1104450Y00,KOPFDICHTUNG,0.242,0.66,nissan,3567.65,1
1104470F00,KOPFDICHTUNG,0.205,0.558,nissan,6621.26,1
11044N2203,KOPFDICHTUNG,0.121,0.33,nissan,4237.33,1
11044V0711,KOPFDICHTUNG,0.172,0.468,nissan,6423.19,1
11051W0401,STOPFEN,0.011,0.03,nissan,410.29,1
1106203J10,DICHTUNG,0.006,0.015,nissan,508.54,1
1106207N00,DICHTUNG,0.003,0.009,nissan,1236.38,1
110625ZM0A,LEITUNG,0.014,0.039,nissan,1600.3,1
110627S000,DICHTUNG,0.004,0.012,nissan,363.92,1
11062C6000,DICHTUNG,0.003,0.009,nissan,66.81,1
11072C6000,DICHTUNG,0.004,0.012,nissan,42.44,1
11086V7206,VERBINDUNG,0.057,0.156,nissan,4851.19,1
1109853Y60,VENTILSITZ,0.011,0.03,nissan,2236.96,1
1109877A60,VENTILSITZ,0.009,0.024,nissan,2236.96,1
11098AR060,VENTILSITZ,0.017,0.045,nissan,3693.41,1
11098V5211,VENTILSITZ,0.011,0.03,nissan,2626.03,1
1109985E10,VENTILSITZ,0.033,0.09,nissan,2491.62,1
1113101B01,DICHTUNG,0.011,0.03,nissan,397.72,1
11296AG000,KLAMMER,0.003,0.009,nissan,231.87,1
1133137G00,HALTER,4.446,16.168,nissan,8732.46,1
117204M511,KEILRIEMEN,0.088,0.24,nissan,1146.77,1
118126N200,ABDECKUNG,0.001,0.003,nissan,410.29,1
118230E000,SCHLAUCH,0.121,0.55,nissan,2453.11,1
118238J10A,SCHLAUCH,0.08,0.365,nissan,3697.34,1
11823EA20A,SCHLAUCH,0.074,0.335,nissan,1702.48,1
11823JA11B,SCHLAUCH,0.086,0.39,nissan,3697.34,1
118262Y010,SCHLAUCH,0.022,0.1,nissan,1515.41,1
118264M510,SCHLAUCH,0.069,0.315,nissan,1430.52,1
118264P000,SCHLAUCH,0.1,0.455,nissan,1430.52,1
1182653J15,SCHLAUCH,0.022,0.1,nissan,3637.61,1
1182677A10,SCHLAUCH,0.022,0.1,nissan,1708.76,1
11826T5500,SCHLAUCH,0.132,0.6,nissan,1572.0,1
11828Y7000,SCHLAUCH,0.095,0.43,nissan,2130.06,1
1203225501,SICHERUNG,0.006,0.015,nissan,179.99,1
1203237500,SICHERUNG,0.011,0.03,nissan,36.94,1
1203243G00,SEEGERRING,0.004,0.012,nissan,51.88,1
12033A8620,KOLBENRING,0.33,0.9,nissan,19348.18,1
12033T8301,KOLBENRING,0.121,0.33,nissan,11578.57,1
13049D0100,GEHAEUSE,0.11,15.0,nissan,903.11,1
13049ED02A,GEHAEUSE,0.087,0.395,nissan,3095.27,1
1305007N00,DICHTUNG,0.002,0.006,nissan,581.64,1
13050V5011,DICHTUNG,0.003,0.009,nissan,800.15,1
1307953Y00,DICHTUNG,0.003,0.009,nissan,291.61,1
1321243G01,FUEHRUNG,0.018,0.048,nissan,1123.19,1
13231EY00A,STOESSEL,0.041,0.111,nissan,6563.1,1
13256D0103,FEDER,0.008,0.021,nissan,127.33,1
13264EA210,VENTILDECKEL,1.703,4.0,nissan,13570.29,1
1327003J00,VD-DICHTUNG,0.154,0.42,nissan,3673.76,1
132700M301,VD-DICHTUNG,0.065,0.177,nissan,2501.05,1
1327016A01,VD-DICHTUNG,0.099,0.27,nissan,2501.05,1
132701CA0A,VD-DICHTUNG,0.091,0.249,nissan,3517.35,1
132701CA0B,VD-DICHTUNG,0.09,0.246,nissan,3517.35,1
132701E411,VD-DICHTUNG,0.1,0.273,nissan,3517.35,1
1327031U02,VD-DICHTUNG,0.058,0.159,nissan,1719.77,1
132704M760,VD-DICHTUNG,0.047,0.129,nissan,3517.35,1
132704P400,VD-DICHTUNG,0.087,0.237,nissan,3547.22,1
132704W000,VD-DICHTUNG,0.063,0.171,nissan,2501.05,1
1327053J05,VD-DICHTUNG,0.101,0.276,nissan,1719.77,1
132705X01A,DICHTUNG,0.081,0.222,nissan,3673.76,1
132709N02A,VD-DICHTUNG,0.019,0.051,nissan,1016.3,1
13270EY01B,VD-DICHTUNG,0.062,0.168,nissan,1719.77,1
13270F4000,VD-DICHTUNG,0.079,0.216,nissan,2501.05,1
132712F200,DICHTUNG,0.028,0.075,nissan,1719.77,1
132714M501,VD-DICHTUNG,0.004,0.012,nissan,703.47,1
1327153J02,DICHTUNG,0.006,0.015,nissan,390.64,1
1352001M01,DICHTUNG,0.011,0.03,nissan,356.84,1
1352029N02,DICHTUNG,0.028,0.075,nissan,1018.66,1
1352129N02,DICHTUNG,0.025,0.069,nissan,1018.66,1
13521D0113,DICHTUNG,0.011,0.03,nissan,346.63,1
13525V7200,BUCHSE,0.006,0.015,nissan,410.29,1
13562D0112,STIRNDECKEL,0.242,1.1,nissan,1741.78,1
1400224P01,KRUEMMER,5.72,15.0,nissan,35928.85,1
140027S01C,KRUEMMER,8.346,15.0,nissan,143389.19,1
1400285E10,KRUEMMER,3.564,15.0,nissan,39988.54,1
1400443U00,KRUEMMER,4.091,15.0,nissan,18912.73,1
14004F4505,KRUEMMER,6.712,15.0,nissan,38639.76,1
1400518001,DICHTUNG,0.011,0.03,nissan,945.56,1
1403237J00,DICHTUNG,0.059,0.162,nissan,415.79,1
1403289E01,DICHTUNG,0.097,0.264,nissan,1018.66,1
140328J000,DICHTUNG,0.1,0.273,nissan,1008.44,1
14032AE00A,DICHTUNG,0.132,0.36,nissan,3223.39,1
14032EA200,DICHTUNG,0.013,0.036,nissan,1309.48,1
140332Y001,DICHTUNG,0.01,0.027,nissan,727.05,1
1403389E00,DICHTUNG,0.09,0.246,nissan,697.97,1
140338J120,DICHTUNG,0.008,0.021,nissan,1600.3,1
14033VC200,DICHTUNG,0.031,0.084,nissan,654.74,1
1403506J01,DICHTUNG,0.092,0.252,nissan,3695.77,1
1403513200,DICHTUNG,0.067,0.183,nissan,716.05,1
140351HC0A,DICHTUNG,0.008,0.021,nissan,1381.79,1
140352F200,DICHTUNG,0.068,0.186,nissan,436.23,1
1403531N00,DICHTUNG,0.058,0.159,nissan,1309.48,1
1403557J01,DICHTUNG,0.12,0.327,nissan,3616.39,1
1403573C00,DICHTUNG,0.041,0.111,nissan,2751.79,1
1403574Y00,DICHTUNG,0.039,0.105,nissan,1600.3,1
1403574Y10,DICHTUNG,0.097,0.264,nissan,1600.3,1
140357S000,DICHTUNG,0.008,0.021,nissan,581.64,1
140358H30A,DICHTUNG,0.041,0.111,nissan,3459.19,1
140358J101,DICHTUNG,0.031,0.084,nissan,2672.4,1
14035C8011,DICHTUNG,0.217,0.591,nissan,1652.17,1
14035EN20A,DICHTUNG,0.044,0.12,nissan,3041.82,1
14035G2400,DICHTUNG,0.055,0.15,nissan,2658.25,1
14035V7200,DICHTUNG,0.21,0.573,nissan,4795.39,1
1403603J00,DICHTUNG,0.194,0.528,nissan,5267.77,1
1403653F01,DICHTUNG,0.02,0.054,nissan,945.56,1
140367S001,DICHTUNG,0.155,0.423,nissan,3144.0,1
14036EA200,DICHTUNG,0.058,0.159,nissan,2122.99,1
14036JA00A,DICHTUNG,0.069,0.189,nissan,4558.8,1
1404138U00,EMBLEM,0.781,15.0,nissan,6754.1,1
1405221R10,STOPFEN,0.078,0.213,nissan,531.34,1
1405503J10,SCHLAUCH,0.066,0.3,nissan,1702.48,1
1405553Y05,SCHLAUCH,0.042,0.19,nissan,1702.48,1
1405553Y11,SCHLAUCH,0.017,0.075,nissan,2321.84,1
14055EZ31B,SCHLAUCH,0.264,1.2,nissan,2509.7,1
14055W5800,SCHLAUCH,0.011,0.05,nissan,280.6,1
140560F300,SCHLAUCH,0.043,0.195,nissan,1702.48,1
140560W000,SCHLAUCH,0.04,0.18,nissan,2477.47,1
140560W003,SCHLAUCH,0.028,0.125,nissan,1316.55,1
1405637J00,SCHLAUCH,0.051,0.23,nissan,943.99,1
1405679E00,SCHLAUCH,0.022,0.1,nissan,2321.84,1
14056VC220,SCHLAUCH,0.041,0.185,nissan,776.57,1
1407531U2A,ANSCHLUSS,0.198,0.9,nissan,2838.25,1
14088V5004,STOPFEN,0.011,0.03,nissan,195.71,1
1409985E01,SCHLAUCH,0.105,0.475,nissan,1380.22,1
1446445V15,SCHELLE,0.033,0.15,nissan,945.56,1
14468VC101,SCHLAUCH,0.108,0.49,nissan,6380.75,1
14719W0402,DICHTUNG,0.009,0.024,nissan,800.15,1
1495405B10,SENSOR,0.011,0.05,nissan,302.61,1
1505016E00,OELSIEB,0.396,15.0,nissan,4297.85,1
15050W4400,OELSIEB,0.451,15.0,nissan,3390.02,1
1505377A00,DICHTUNG,0.001,0.003,nissan,363.92,1
1505973400,DICHTUNG,0.001,0.003,nissan,363.92,1
1506616A00,DICHTUNG,0.006,0.015,nissan,315.19,1
1506621001,DICHTUNG,0.003,0.009,nissan,218.51,1
150663Z001,DICHTUNG,0.003,0.009,nissan,738.84,1
150663Z002,DICHTUNG,0.002,0.006,nissan,492.04,1
150663Z003,DICHTUNG,0.001,0.003,nissan,212.22,1
150663Z004,DICHTUNG,0.006,0.015,nissan,161.92,1
150663Z005,DICHTUNG,0.002,0.006,nissan,171.35,1
150664W000,DICHTUNG,0.004,0.012,nissan,1035.95,1
150667S010,O-RING,0.002,0.006,nissan,319.12,1
150667S020,DICHTUNG,0.003,0.009,nissan,1035.95,1
15066AR000,O-RING,0.002,0.006,nissan,328.55,1
15066AR010,O-RING,0.003,0.009,nissan,929.05,1
15066AR020,O-RING,0.003,0.009,nissan,929.05,1
15066ZL80C,O-RING,0.002,0.006,nissan,656.31,1
1527090J01,DICHTUNG,0.008,0.021,nissan,218.51,1
15270D0103,DICHTUNG,0.004,0.012,nissan,436.23,1
1617453Y01,FLANSCH,0.051,0.138,nissan,3637.61,1
16174D0101,FLANSCH,0.055,0.15,nissan,3698.92,1
161754M500,DICHTUNG,0.013,0.036,nissan,727.05,1
161756N200,DICHTUNG,0.007,0.018,nissan,727.05,1
1617573C01,DICHTUNG,0.004,0.012,nissan,654.74,1
161757S000,DICHTUNG,0.043,0.117,nissan,1600.3,1
16175ET80A,DICHTUNG,0.009,0.024,nissan,654.74,1
16175VJ200,DICHTUNG,0.006,0.015,nissan,426.01,1
1642053Y00,ABSTAND,0.009,0.024,nissan,945.56,1
16420E3011,HALTER,0.011,0.03,nissan,277.46,1
165000W000,LUFTFILTER,2.087,3.5,nissan,35328.34,1
165286N00A,GEHAEUSE,0.935,3.5,nissan,14731.21,1
1654773C00,DICHTUNG,0.087,0.237,nissan,781.28,1
165490W000,LUFTSCHACHT,1.482,6.735,nissan,18890.72,1
165541CA0C,LUFTSCHACHT,2.068,9.4,nissan,16144.44,1
165542Y001,LUFTSCHACHT,1.129,5.13,nissan,8498.23,1
16554EL00A,LUFTSCHACHT,0.328,1.49,nissan,4098.99,1
1656573C00,FILTER,0.02,0.09,nissan,840.23,1
1657395F0A,HALTER,0.219,0.995,nissan,3512.63,1
16576EA200,LUFTSCHACHT,2.229,10.13,nissan,8280.51,1
1657836F01,SCHLAUCH,0.653,2.97,nissan,9871.37,1
16580W7000,SENSOR,0.032,0.087,nissan,738.05,1
165858J001,GEHAEUSE,0.496,1.0,nissan,3558.22,1
1661810V05,O-RING,0.002,0.006,nissan,637.45,1
166181LA0A,O-RING,0.001,0.003,nissan,774.21,1
1661853J00,O-RING,0.002,0.006,nissan,231.87,1
166185M100,O-RING,0.001,0.003,nissan,619.37,1
166187Y000,O-RING,0.003,0.009,nissan,541.55,1
166188J000,O-RING,0.003,0.009,nissan,774.21,1
16618AD200,O-RING,0.001,0.003,nissan,644.52,1
16618EA000,O-RING,0.002,0.006,nissan,774.21,1
1663510V10,DICHTUNG,0.004,0.012,nissan,892.11,1
1668143G00,LEITUNG,0.167,15.0,nissan,979.36,1
1668243G00,LEITUNG,0.168,15.0,nissan,1598.72,1
1668343G00,LEITUNG,0.158,15.0,nissan,3062.26,1
170494M400,O-RING,0.001,0.003,nissan,984.86,1
1709985G00,DICHTUNG,0.006,0.015,nissan,95.11,1
1722831U00,SCHLAUCH,0.138,0.625,nissan,2901.13,1
1734279900,O-RING,0.045,0.123,nissan,3418.31,1
17530JA10A,ANSCHLUSS,0.04,0.108,nissan,2321.84,1
2001022J12,AUSPUFFROHR,3.938,25.0,nissan,28578.96,1
20350VB200,AUSPUFFROHR,7.041,25.0,nissan,17714.87,1
2069101E80,DICHTUNG,0.028,0.075,nissan,1600.3,1
206910F000,DICHTUNG,0.045,0.123,nissan,2328.13,1
2069119U0A,DICHTUNG,0.013,0.036,nissan,1309.48,1
2069151E01,DICHTUNG,0.01,0.027,nissan,654.74,1
2069158E01,DICHTUNG,0.011,0.03,nissan,727.05,1
2069177A00,DICHTUNG,0.009,0.024,nissan,654.74,1
20691JA10A,DICHTUNG,0.017,0.045,nissan,1090.97,1
20691W7180,DICHTUNG,0.029,0.078,nissan,1600.3,1
206928H30A,DICHTUNG,0.017,0.045,nissan,1600.3,1
20692JF00A,DICHTUNG,0.035,0.096,nissan,1600.3,1
20692M3080,DICHTUNG,0.033,0.09,nissan,1600.3,1
20692S3080,DICHTUNG,0.033,0.09,nissan,808.79,1
20692V6280,DICHTUNG,0.033,0.09,nissan,1600.3,1
20694W1080,SCHELLE,0.012,0.033,nissan,1066.6,1
206954M410,DICHTUNG,0.035,0.096,nissan,1702.48,1
206955TA0A,Dichtung,0.076,0.207,nissan,1590.86,1
2101407N00,DICHTUNG,0.018,0.048,nissan,1018.66,1
210147S000,DICHTUNG,0.042,0.114,nissan,1163.28,1
210470M000,WASSERSCHLAUCH,0.085,0.385,nissan,1702.48,1
2104931U00,O-RING,0.001,0.003,nissan,397.72,1
210604S100,LUEFTER,1.327,10.0,nissan,8010.13,1
21060U2000,LUEFTER,0.22,10.0,nissan,3577.09,1
21306JK20A,WASSERSCHLAUCH,0.031,0.14,nissan,1470.61,1
21306JK21D,WASSERSCHLAUCH,0.096,0.435,nissan,3932.36,1
21306JK29E,Wasserschlauch,0.05,0.225,nissan,1702.48,1
21306JK51B,SCHLAUCH,0.022,0.1,nissan,1470.61,1
21306JK59E,Schlauch,0.034,0.155,nissan,1470.61,1
21306ZE00B,Wasserschlauch,0.061,0.275,nissan,774.21,1
213072F260,WASSERSCHLAUCH,0.055,0.25,nissan,1426.59,1
21307EE91B,WASSERSCHLAUCH,0.211,0.96,nissan,3261.9,1
2133402N00,O-RING,0.002,0.006,nissan,1195.51,1
2133403J00,O-RING,0.001,0.003,nissan,75.46,1
214140P600,DICHTUNG,0.019,0.051,nissan,2477.47,1
21469EB30A,LUFTSCHACHT,0.143,0.65,nissan,4443.26,1
21476VC201,ZARGE,1.034,15.0,nissan,10624.36,1
21477EA200,ZARGE,0.519,15.0,nissan,868.53,1
21477VC200,ZARGE,0.095,15.0,nissan,2423.24,1
21481AY610,E-MOTOR,2.972,10.0,nissan,15775.02,1
214835M005,ZARGE,1.467,15.0,nissan,17337.59,1
2148603E00,LUEFTER,0.407,1.85,nissan,4259.33,1
2148650A00,LUEFTER,0.187,0.85,nissan,2903.48,1
2148650Y10,LUEFTER,0.143,0.65,nissan,4193.31,1
214961HC1A,DICHTGUMMI,0.23,1.045,nissan,1083.89,1
214964KJ0A,Dichtung,0.374,1.02,nissan,5688.28,1
2150102A00,WASSERSCHLAUCH,0.154,0.7,nissan,1497.33,1
215010W501,WASSERSCHLAUCH,0.219,0.995,nissan,2868.9,1
2150125N65,WASSERSCHLAUCH,0.352,1.6,nissan,1632.52,1
215012S602,WASSERSCHLAUCH,0.257,1.17,nissan,2868.9,1
2150144G10,WASSERSCHLAUCH,0.25,1.135,nissan,2868.9,1
215014BB0A,Leitung,0.284,1.29,nissan,3826.25,1
215014W000,WASSERSCHLAUCH,0.157,0.715,nissan,1168.78,1
21501BM505,WASSERSCHLAUCH,0.138,0.625,nissan,3826.25,1
21501D0103,WASSERSCHLAUCH,0.044,0.2,nissan,2897.2,1
21501EV00A,WASSERSCHLAUCH,0.22,1.0,nissan,3199.81,1
21501JP00B,WASSERSCHLAUCH,0.092,0.42,nissan,1497.33,1
21501R9000,WASSERSCHLAUCH,0.275,1.25,nissan,1693.04,1
2150301A01,WASSERSCHLAUCH,0.176,0.8,nissan,1463.53,1
2150302N60,WASSERSCHLAUCH,0.363,1.65,nissan,2094.69,1
215030F112,WASSERSCHLAUCH,0.557,2.53,nissan,7029.2,1
215030M002,WASSERSCHLAUCH,0.312,1.42,nissan,2501.05,1
2150316N60,WASSERSCHLAUCH,0.44,2.0,nissan,2094.69,1
215031CB0A,SCHLAUCH,0.369,1.675,nissan,2721.92,1
2150358G05,WASSERSCHLAUCH,0.479,2.175,nissan,3163.65,1
21503H5010,WASSERSCHLAUCH,0.253,1.15,nissan,1060.31,1
2150501E00,WASSERROHR,0.495,2.25,nissan,6112.72,1
2152150M00,HALTER,0.057,5.0,nissan,1625.45,1
21542JK000,HALTER,0.013,0.036,nissan,1625.45,1
215432S402,HALTER,0.187,5.0,nissan,1105.9,1
215434M400,HALTER,0.164,5.0,nissan,1702.48,1
21543VB010,HALTER,0.11,5.0,nissan,1625.45,1
2159501A00,SCHALTER,0.033,0.09,nissan,2600.09,1
21595D4000,SCHALTER,0.053,0.144,nissan,5248.91,1
216211KX5A,LEITUNG,0.419,15.0,nissan,8557.97,1
21636CC000,SCHLAUCH,0.124,0.565,nissan,2843.75,1
2171001J01,BEHAELTER,0.381,1.0,nissan,11376.56,1
217100M000,BEHAELTER,0.242,1.0,nissan,5939.02,1
2171020N02,BEHAELTER,0.319,2.9,nissan,10868.02,1
217118H30A,BEHAELTER,0.295,1.0,nissan,8616.13,1
21721JD00B,BEHAELTER,0.43,1.0,nissan,8466.01,1
2212004E10,GEBER,0.044,0.12,nissan,6818.55,1
2212015G01,GEBER,0.055,0.15,nissan,2354.07,1
2212503J10,ABDECKUNG,0.105,0.285,nissan,2721.13,1
221310H611,O-RING,0.006,0.015,nissan,696.4,1
221311E401,O-RING,0.002,0.006,nissan,696.4,1
2213153F11,O-RING,0.002,0.006,nissan,408.72,1
22131ED000,O-RING,0.002,0.006,nissan,696.4,1
2216278A10,VERTEILERKAPPE,0.11,0.5,nissan,2799.73,1
2217907N00,DICHTUNG,0.007,0.018,nissan,218.51,1
2218511E07,DICHTUNG,0.002,0.006,nissan,846.52,1
2218552L00,DICHTUNG,0.001,0.003,nissan,498.32,1
2218552L01,DICHTUNG,0.001,0.003,nissan,498.32,1
223602Y900,SCHALTER,0.061,0.275,nissan,9305.45,1
223659E020,SENSOR,0.033,0.09,nissan,15726.29,1
22630EZ30A,TEMPERATURSENSOR,0.095,0.258,nissan,10869.59,1
226804M511,LUFTMESSER,0.084,0.228,nissan,11949.56,1
226804W011,LUFTMESSER,0.084,0.228,nissan,12498.97,1
226805M30A,LUFTMESSER,0.339,0.924,nissan,31131.89,1
226805M31A,SENSOR,0.085,0.231,nissan,19104.52,1
226806N20A,LUFTMESSER,0.395,1.077,nissan,33333.47,1
2268088G00,LUFTMESSER,0.66,1.8,nissan,37835.68,1
22680AW400,LUFTMESSER,0.251,0.684,nissan,30660.29,1
237313S500,SENSOR,0.023,0.063,nissan,4166.59,1
237316N21A,SENSOR,0.044,0.12,nissan,4795.39,1
23731EC00B,NW Sensor,0.047,0.129,nissan,6916.8,1
2437201G00,ABDECKUNG,0.039,0.175,nissan,1123.19,1
2438150Y00,HALTER,0.033,0.09,nissan,4695.56,1
243820W010,ABDECKUNG,0.055,0.15,nissan,1796.01,1
243822S700,ABDECKUNG,0.138,0.625,nissan,1702.48,1
2438241B60,ABDECKUNG,0.022,0.1,nissan,927.48,1
243824L900,ABDECKUNG,0.051,0.46,nissan,1212.01,1
2438250Y01,DECKEL,0.033,0.15,nissan,3201.38,1
2438250Y10,HALTER,0.061,0.275,nissan,190.21,1
2438250Y11,HALTER,0.039,0.175,nissan,236.59,1
2438250Y15,HALTER,0.033,0.15,nissan,3178.58,1
2438251E15,ABDECKUNG,0.044,0.12,nissan,1417.16,1
2438273Y00,ABDECKUNG,0.044,0.2,nissan,1488.68,1
243827S300,ABDECKUNG,0.062,0.168,nissan,1702.48,1
2438285E05,ABDECKUNG,0.033,0.15,nissan,5457.2,1
243828E005,ABDECKUNG,0.055,0.25,nissan,1702.48,1
24382AD100,ABDECKUNG,0.009,0.04,nissan,3637.61,1
24382EA000,ABDECKUNG,0.332,1.51,nissan,2677.9,1
243832S700,GEHAEUSE,0.018,0.048,nissan,1788.94,1
248605V000,LAMPENSOCKEL,0.002,0.02,nissan,1597.94,1
24860C9900,ANZEIGE,0.007,0.06,nissan,2321.84,1
248750Y000,ANZEIGE,0.241,0.657,nissan,24259.89,1
2501085E10,SENSOR,0.217,0.591,nissan,13016.16,1
25010VB000,SENSOR,0.193,0.525,nissan,16725.29,1
250600X001,TANKGEBER,1.122,5.1,nissan,19055.78,1
25060CB00C,TANKGEBER,0.134,0.61,nissan,17915.3,1
2507089972,SCHALTER,0.22,0.6,nissan,6798.11,1
2508089902,GEBER,0.044,0.12,nissan,4087.99,1
2508089907,SENSOR,0.025,0.069,nissan,3474.91,1
25130V5200,SCHALTER,0.055,0.25,nissan,1403.01,1
2523701E01,HALTER,0.121,0.33,nissan,696.4,1
252600W001,SCHALTER,0.054,0.245,nissan,3731.93,1
252600W011,SCHALTER,0.132,0.6,nissan,8911.67,1
2526041G00,SCHALTER,0.031,0.14,nissan,2892.48,1
252608F220,SCHALTER,0.23,1.045,nissan,7278.36,1
25290VD300,SCHALTER,0.045,0.205,nissan,5521.65,1
2530062J0E,SCHALTER,0.03,0.135,nissan,3865.55,1
253352Y901,SCHALTER,0.011,0.03,nissan,1702.48,1
253700N000,SCHALTER,0.031,0.14,nissan,4723.86,1
25380F6610,SCHALTER,0.019,0.085,nissan,5939.02,1
254015X05D,SCHALTER,0.162,0.735,nissan,11042.51,1
25411EA03A,SCHALTER,0.036,0.165,nissan,7528.31,1
25500AX600,SCHALTER,0.032,0.145,nissan,2342.28,1
2554005B00,SCHALTER,0.231,1.05,nissan,5277.2,1
255408H701,SCHALTER,0.354,1.61,nissan,10541.05,1
25567ET225,GEHAEUSE,0.437,1.191,nissan,15038.54,1
25567VB00E,GEHAEUSE,0.129,0.585,nissan,4267.19,1
25567VD325,GEHAEUSE,0.461,2.095,nissan,22252.45,1
255700M010,SCHALTER,0.055,0.25,nissan,9788.06,1
259770W801,SENSOR,0.106,0.288,nissan,9954.69,1
259941BA3E,SENSOR,0.031,0.084,nissan,17648.84,1
2601013E00,SCHEINWERFER,2.53,5.0,nissan,10874.31,1
260101HB0B,SCHEINWERFER,4.886,15.0,nissan,9768.41,1
260102M125,SCHEINWERFER,3.222,15.0,nissan,10650.3,1
260109F687,SCHEINWERFER,2.31,15.0,nissan,13199.3,1
26010CC025,SCHEINWERFER,3.19,15.0,nissan,66455.51,1
26010CM80B,SCHEINWERFER,4.345,15.0,nissan,50340.94,1
26010EQ30C,SCHEINWERFER,3.667,15.0,nissan,42764.69,1
2603110V00,ABDECKUNG,0.022,0.06,nissan,1497.33,1
260600F000,SCHEINWERFER,2.076,15.0,nissan,13890.98,1
26060CA125,SCHEINWERFER,2.2,15.0,nissan,13687.4,1
26060CC00A,SCHEINWERFER,4.762,15.0,nissan,59562.29,1
26060EE91A,SCHEINWERFER,5.248,15.0,nissan,12026.59,1
26060EQ30C,SCHEINWERFER,3.367,15.0,nissan,42764.69,1
2606513E00,EINSATZ,1.98,15.0,nissan,10357.12,1
26075JN95A,GEHAEUSE,6.94,15.0,nissan,41427.7,1
26098VB000,STOPFEN,0.006,0.015,nissan,477.1,1
2612514R00,BLINKER,0.22,5.0,nissan,3084.26,1
26125S5500,BLINKER,0.33,5.0,nissan,3665.9,1
26125V6200,BLINKER,0.187,5.0,nissan,2809.95,1
261500W025,NEBELLAMPE,1.056,15.0,nissan,13966.43,1
2615766Y00,RAHMEN,0.033,0.09,nissan,1001.36,1
2616011W00,BLINKER,0.165,1.5,nissan,2263.68,1
2616050W00,BLINKER,0.341,3.1,nissan,2263.68,1
26160H8510,BLINKER,0.099,0.9,nissan,1631.74,1
261903Y300,BLINKER,0.077,5.0,nissan,2501.05,1
261953Y300,BLINKER,0.092,5.0,nissan,1932.77,1
2626201P40,FASSUNG,0.003,0.03,nissan,696.4,1
2629689921,GLUEHBIRNE,0.021,0.19,nissan,2592.23,1
26398CD000,KLAMMER,0.003,0.009,nissan,1066.6,1
26398ED000,KLAMMER,0.002,0.006,nissan,477.1,1
26398VD200,KLAMMER,0.001,0.003,nissan,304.97,1
264204P100,INNENLEUCHTE,0.041,0.37,nissan,3458.4,1
26498EJ95C,DECKEL,0.106,0.48,nissan,4168.94,1
265100W000,KENNZEICHENLEUCHTE,0.151,0.411,nissan,2486.12,1
26510AR000,KENNZEICHENLEUCHTE,0.03,0.081,nissan,2511.27,1
265401CH0A,HECKLEUCHTE,0.744,5.0,nissan,7431.63,1
265451CH0A,HECKLEUCHTE,0.748,5.0,nissan,12360.64,1
265456CA0A,HECKLEUCHTE,4.95,15.0,nissan,8313.52,1
26545CG00A,LEUCHTE,0.453,5.0,nissan,5812.47,1
265500F000,HECKLEUCHTE,0.568,5.0,nissan,7944.89,1
265502F025,HECKLEUCHTE,1.32,5.0,nissan,7333.38,1
265502F725,HECKLEUCHTE,0.495,5.0,nissan,7205.26,1
265508H301,HECKLEUCHTE,2.302,15.0,nissan,11330.19,1
265509N00B,Heckleuchte,4.14,5.0,nissan,20968.91,1
26550CC20B,HECKLEUCHTE,2.428,5.0,nissan,15083.34,1
26550ED925,HECKLEUCHTE,2.613,5.0,nissan,9189.13,1
26550EG61A,RUECKLEUCHTE,3.069,5.0,nissan,26413.53,1
26550EL00A,HECKLEUCHTE,2.091,5.0,nissan,9784.13,1
26550JE20B,HECKLEUCHTE,0.416,5.0,nissan,4385.88,1
2655101W00,GLAS,0.11,5.0,nissan,560.42,1
26552U9300,RAHMEN,0.693,3.15,nissan,5432.83,1
26554EQ00B,GEHAEUSE,2.08,5.0,nissan,6152.81,1
2655515G20,HECKLEUCHTE,0.793,5.0,nissan,12066.67,1
265552F725,HECKLEUCHTE,1.085,5.0,nissan,7205.26,1
265553M125,HECKLEUCHTE,1.187,5.0,nissan,8311.95,1
265558J025,HECKLEUCHTE,2.69,5.0,nissan,24279.54,1
265559F528,HECKLEUCHTE,1.019,5.0,nissan,7205.26,1
26555VB100,HECKLEUCHTE,0.957,5.0,nissan,12801.58,1
2655601W00,GLAS,0.11,0.5,nissan,560.42,1
26556JD00A,FASSUNG,0.091,0.415,nissan,3199.81,1
265571CA0A,RAHMEN,0.109,0.297,nissan,3531.5,1
265572U000,STOPFEN,0.002,0.006,nissan,408.72,1
26559VB500,GEHAEUSE,0.825,5.0,nissan,7566.04,1
265900L720,BREMSLEUCHTE,0.249,5.0,nissan,19569.04,1
265980W000,ABDECKUNG,0.141,0.64,nissan,2342.28,1
2670289958,EINSATZ,0.542,15.0,nissan,1928.06,1
2671798905,GLUEHBIRNE,0.013,0.12,nissan,1497.33,1
268500X000,BREMSLEUCHTE,1.137,5.0,nissan,4684.56,1
271203S100,GEHAEUSE,0.957,2.61,nissan,12464.39,1
2715001A00,WIDERSTAND,0.011,0.03,nissan,1469.03,1
27220VB002,GEBLAESE,1.65,4.5,nissan,43248.86,1
27235VJ400,GEHAEUSE,1.165,3.5,nissan,5676.49,1
27567VB000,KNOPF,0.001,0.003,nissan,1722.91,1
2766060A00,SCHALTER,0.077,0.21,nissan,3462.33,1
2766320J00,SCHALTER,0.029,0.13,nissan,3932.36,1
27674G5170,SCHALTER,0.044,0.12,nissan,6695.15,1
277102Y000,SENSOR,0.043,0.117,nissan,4046.33,1
277232J500,SENSOR,0.014,0.039,nissan,3637.61,1
277234BU0A,SENSOR,0.008,0.021,nissan,3637.61,1
277494BU0A,HALTER,0.107,0.485,nissan,3483.55,1
27922VB000,BLENDE,0.099,0.45,nissan,1597.94,1
284385DA4C,SENSOR,0.031,0.084,nissan,9871.37,1
2845189971,RELAIS,0.073,0.33,nissan,10811.43,1
285335DA2A,DECKEL,0.009,0.024,nissan,929.05,1
285335ZA0A,ABDECKUNG,0.01,0.027,nissan,2851.61,1
285562X125,AIRBAGSENSOR,0.275,0.75,nissan,19203.55,1
286268H90A,HALTER,0.006,0.015,nissan,945.56,1
286413ZD0A,Waschduese,0.052,0.141,nissan,8894.38,1
28659CD702,ABDECKUNG,0.022,0.1,nissan,4700.28,1
286693ZD0A,Halter,0.017,0.045,nissan,2806.02,1
286693ZD0B,HALTER,0.015,0.042,nissan,2806.02,1
2879040F00,WISCHERBLATT,0.121,0.55,nissan,814.3,1
28790JD00A,WISCHERBLATT,0.105,0.475,nissan,760.85,1
2882865F01,DICHTUNG,0.002,0.006,nissan,309.68,1
2885201J00,BUCHSE,0.004,0.012,nissan,902.33,1
2888221R00,ABDECKUNG,0.009,0.024,nissan,1066.6,1
28882G5400,ABDECKUNG,0.011,0.05,nissan,286.89,1
2889008W00,WISCHERBLATT,0.132,0.6,nissan,845.74,1
288901CA1A,WISCHERBLATT,0.283,1.285,nissan,1306.33,1
288902Y910,WISCHERBLATT,0.132,0.6,nissan,1119.26,1
288903WU0A,WISCHERBLATT,0.426,1.935,nissan,1436.81,1
2889084M05,WISCHERBLATT,0.178,0.81,nissan,642.95,1
288908H910,WISCHERBLATT,0.107,0.485,nissan,490.46,1
28890JD90C,WISCHERBLATT,0.139,0.63,nissan,1074.46,1
28890JD91C,WISCHERBLATT,0.09,0.246,nissan,1074.46,1
28890S5000,RELAIS,0.165,0.75,nissan,16888.78,1
28891EQ000,WISCHERBLATT,0.33,1.5,nissan,841.02,1
289104M410,BEHAELTER,0.505,4.59,nissan,11974.71,1
2891061Y00,BEHAELTER,0.887,8.06,nissan,11592.71,1
2891065Y00,BEHAELTER,0.527,4.79,nissan,12061.17,1
289109U000,BEHAELTER,0.913,8.3,nissan,11885.11,1
28910ED00A,BEHAELTER,0.424,1.0,nissan,25986.73,1
28913CN00B,DECKEL,0.011,0.03,nissan,291.61,1
289153W400,SCHLAUCH,0.279,2.54,nissan,2185.08,1
289311KA0A,WASCHDUESE,0.007,1.5,nissan,2626.03,1
3054202N10,MANSCHETTE,0.051,0.138,nissan,1719.77,1
30542VB000,MANSCHETTE,0.062,0.28,nissan,1719.77,1
3085531U02,SCHLAUCH,0.077,0.35,nissan,1292.18,1
3109832U00,SCHLAUCH,0.121,0.55,nissan,1054.81,1
3135821X01,RING,0.011,0.03,nissan,1719.77,1
3136221X04,DICHTUNG,0.006,0.015,nissan,782.86,1
3136621X04,DICHTUNG,0.006,0.015,nissan,1674.18,1
313971XE0A,DICHTUNG,0.191,0.522,nissan,3809.74,1
3139721X03,DICHTUNG,0.022,0.06,nissan,942.41,1
3139731X02,DICHTUNG,0.11,0.3,nissan,1719.77,1
3139751X02,DICHTUNG,0.155,0.423,nissan,3673.76,1
3139790X01,DICHTUNG,0.002,0.006,nissan,654.74,1
31397X8789,DICHTUNG,0.295,0.804,nissan,24516.13,1
3140751X04,LAGER,0.051,0.138,nissan,2477.47,1
3140751X05,LAGER,0.066,0.18,nissan,2477.47,1
3140780X01,LAGER,0.011,0.03,nissan,1399.08,1
3140780X02,LAGER,0.033,0.09,nissan,1795.22,1
3140780X03,LAGER,0.011,0.03,nissan,1443.88,1
3140780X07,LAGER,0.044,0.12,nissan,1986.22,1
3140780X10,LAGER,0.011,0.03,nissan,1393.58,1
3143541X00,LAGER,0.017,0.045,nissan,895.25,1
3150631X05,SEEGERRING,0.022,0.06,nissan,787.57,1
3150651X04,SEEGERRING,0.011,0.03,nissan,781.28,1
3150680X07,SEEGERRING,0.003,0.009,nissan,845.74,1
3152531X02,O-RING,0.003,0.009,nissan,2344.64,1
3152531X03,O-RING,0.002,0.006,nissan,771.07,1
3152531X05,O-RING,0.001,0.003,nissan,1326.77,1
3152541X00,O-RING,0.004,0.012,nissan,1484.75,1
3152641X03,O-RING,0.001,0.003,nissan,547.06,1
3152680X03,O-RING,0.003,0.009,nissan,596.57,1
3152680X05,O-RING,0.012,0.033,nissan,629.59,1
3152721X46,O-RING,0.002,0.006,nissan,595.0,1
3152780X07,O-RING,0.008,0.021,nissan,596.57,1
3152780X08,O-RING,0.002,0.006,nissan,596.57,1
3152801X01,DIST-SCHEIBE,0.006,0.015,nissan,1584.58,1
315281XZ0A,DICHTUNG,0.009,0.024,nissan,328.55,1
3152821X02,DIST-SCHEIBE,0.009,0.024,nissan,1016.3,1
3152821X10,DICHTUNG,0.017,0.045,nissan,910.97,1
3152841X00,DIST-SCHEIBE,0.01,0.027,nissan,1719.77,1
3153231X19,PLATTE,0.032,0.087,nissan,2501.05,1
3153280X02,PLATTE,0.022,0.06,nissan,3876.55,1
3153521X03,PLATTE,0.033,0.09,nissan,2176.43,1
3153541X03,PLATTE,0.033,0.09,nissan,701.9,1
3153551X01,PLATTE,0.066,0.18,nissan,2666.9,1
3162801X00,O-RING,0.002,0.006,nissan,546.27,1
3166521X01,PLATTE,0.077,0.21,nissan,4181.52,1
3167221X00,O-RING,0.004,0.012,nissan,859.88,1
3167621X20,O-RING,0.003,0.009,nissan,678.32,1
3171780X02,DICHTUNG,0.097,0.264,nissan,1104.33,1
317263AX01,OELFILTER,0.007,0.018,nissan,1641.17,1
3172901X01,DICHTUNG,0.025,0.069,nissan,929.05,1
3182727X60,DICHTUNG,0.008,0.021,nissan,299.47,1
3187701X01,O-RING,0.011,0.03,nissan,1172.71,1
3193543X61,SENSOR,0.171,0.465,nissan,17820.19,1
3200532J10,SCHALTER,0.066,0.18,nissan,2924.71,1
32005J5514,SCHALTER,0.099,0.45,nissan,3064.61,1
32005VB001,SCHALTER,0.066,0.3,nissan,2912.13,1
3212901T00,DICHTUNG,0.026,0.072,nissan,866.17,1
32136M8000,O-RING,0.002,0.006,nissan,703.47,1
321620T000,DICHTUNG,0.048,0.132,nissan,3418.31,1
321620T200,DICHTUNG,0.08,0.219,nissan,553.34,1
3216214810,DICHTUNG,0.011,0.03,nissan,198.07,1
3220401G10,SEEGERRING,0.006,0.015,nissan,781.28,1
32204V5003,SEEGERRING,0.01,0.027,nissan,696.4,1
32204V5004,SEEGERRING,0.009,0.024,nissan,541.55,1
32204VB000,SEEGERRING,0.003,0.009,nissan,937.7,1
3222820100,SEEGERRING,0.002,0.006,nissan,91.18,1
3222820101,SEEGERRING,0.002,0.006,nissan,231.87,1
32266M8001,BUCHSE,0.22,0.6,nissan,2137.13,1
32275C8000,DIST-SCHEIBE,0.011,0.03,nissan,1318.91,1
32285D0100,DIST-SCHEIBE,0.017,0.045,nissan,654.74,1
3234801T01,SEEGERRING,0.011,0.03,nissan,367.85,1
323480T201,SEEGERRING,0.012,0.033,nissan,696.4,1
3260201T01,FEDER,0.011,0.03,nissan,781.28,1
3260301G10,FEDER,0.006,0.015,nissan,234.23,1
3260301T03,FEDER,0.009,0.024,nissan,234.23,1
3260436N21,SYNCHRONRING,0.061,0.165,nissan,5153.02,1
3260440P21,SYNCHRONRING,0.109,0.297,nissan,5659.99,1
326046J010,SYNCHRONRING,0.135,0.369,nissan,5490.21,1
32604P0100,SYNCHRONRING,0.062,0.168,nissan,5659.99,1
3260738E15,SYNCHRONRING,0.066,0.18,nissan,4631.9,1
3260750J60,SYNCHRONRING,0.07,0.192,nissan,4631.9,1
32607D0162,SYNCHRONRING,0.058,0.159,nissan,5490.21,1
3260979E00,KEIL,0.002,0.006,nissan,703.47,1
32611VB100,ZAHNRAD,0.121,0.33,nissan,4308.85,1
3270204E30,TACHOANTRIEB,0.132,0.36,nissan,3588.88,1
3270233A13,TACHOANTRIEB,0.154,0.42,nissan,3946.51,1
32710M8000,O-RING,0.007,0.018,nissan,243.66,1
3274435F00,HALTER,0.003,0.009,nissan,234.23,1
33112C6900,DIST-SCHEIBE,0.008,0.021,nissan,528.19,1
3411850C00,HALTER,0.006,0.015,nissan,459.81,1
34119E3200,KNOPF,0.033,0.09,nissan,3584.95,1
34458V5500,ABDECKUNG,0.011,0.03,nissan,315.97,1
34552V5200,BUCHSE,0.002,0.006,nissan,113.97,1
36011D4000,SCHALTER,0.011,0.03,nissan,416.58,1
38320T3322,DICHTUNG,0.066,0.18,nissan,1600.3,1
38320Y0812,DICHTUNG,0.073,0.198,nissan,873.25,1
3834321000,O-RING,0.002,0.006,nissan,716.83,1
384240C006,DIST-SCHEIBE,0.011,0.03,nissan,696.4,1
38431M8003,SICHERUNG,0.024,0.066,nissan,541.55,1
3923410E00,SEEGERRING,0.008,0.021,nissan,243.66,1
3925235F03,SIMMERRING,0.034,0.093,nissan,1751.99,1
40018B9500,DIST-SCHEIBE,0.096,0.261,nissan,1476.89,1
4021450A00,SEEGERRING,0.011,0.03,nissan,451.95,1
4021450A10,SEEGERRING,0.011,0.03,nissan,426.01,1
40214AX000,SEEGERRING,0.017,0.045,nissan,774.21,1
4024235F00,DIST-SCHEIBE,0.039,0.105,nissan,1395.15,1
4026801E00,DIST-SCHEIBE,0.001,0.003,nissan,309.68,1
40290F1700,O-RING,0.002,0.006,nissan,110.83,1
403151HD0A,RADKAPPE,0.545,1.485,nissan,2399.66,1
4031555Y00,RADKAPPE,0.55,1.5,nissan,3261.9,1
40342W1000,NABENKAPPE,0.077,0.21,nissan,804.86,1
403430F000,NABENKAPPE,0.143,0.65,nissan,1682.83,1
4034320J00,NABENKAPPE,0.105,0.475,nissan,4025.11,1
4034330W00,NABENKAPPE,0.132,0.6,nissan,550.99,1
4034331G00,NABENKAPPE,0.085,0.385,nissan,4025.11,1
4057101J00,DIST-SCHEIBE,0.012,0.033,nissan,852.02,1
40740EH10A,GEBER,0.033,0.09,nissan,10266.73,1
407705ZH1A,REIFENDRUCKSENSOR,0.033,0.09,nissan,6243.98,1
4109850A10,STOPFEN,0.004,0.012,nissan,124.19,1
4308501J10,SIMMERRING,0.004,0.012,nissan,876.39,1
4324201G00,FETTKAPPE,0.168,0.459,nissan,1395.15,1
44020VC201,ANKERPLATTE,1.13,5.135,nissan,13281.04,1
4602052A00,DECKEL,0.033,0.15,nissan,1331.48,1
460910P000,BEHAELTER,0.089,1.0,nissan,3871.84,1
4621001J00,BREMSSCHLAUCH,0.158,0.72,nissan,2418.52,1
4621001L00,BREMSSCHLAUCH,0.121,0.55,nissan,2719.56,1
462101KD0B,BREMSSCHLAUCH,0.094,0.425,nissan,2560.79,1
462102J007,BREMSSCHLAUCH,0.138,0.625,nissan,3912.71,1
462102J008,BREMSSCHLAUCH,0.139,0.63,nissan,3912.71,1
4621031G11,BREMSSCHLAUCH,0.171,0.775,nissan,2418.52,1
462104M40A,Schlauch,0.091,0.415,nissan,2204.73,1
4621060A00,BREMSSCHLAUCH,0.125,0.57,nissan,3201.38,1
46210CY01B,BREMSSCHLAUCH,0.081,0.37,nissan,2489.26,1
46210EB02A,BREMSSCHLAUCH,0.105,0.475,nissan,2105.69,1
46210EM01A,BREMSSCHLAUCH,0.15,0.68,nissan,3557.44,1
46210JG013,BREMSSCHLAUCH,0.086,0.39,nissan,3912.71,1
46210MB40A,BREMSSCHLAUCH,0.16,0.725,nissan,3627.39,1
46210VB30A,BREMSSCHLAUCH,0.166,0.755,nissan,2986.8,1
46210ZL80B,Bremsschlauch,0.094,0.425,nissan,2418.52,1
4621101A01,BREMSSCHLAUCH,0.066,0.3,nissan,1291.4,1
4621131G11,BREMSSCHLAUCH,0.143,0.65,nissan,2418.52,1
4621145F00,BREMSSCHLAUCH,0.127,0.575,nissan,2503.41,1
462114M40A,BREMSSCHLAUCH,0.091,0.415,nissan,1850.24,1
46211MB20B,BREMSSCHLAUCH,0.171,0.775,nissan,2418.52,1
46211MB40B,BREMSSCHLAUCH,0.157,0.715,nissan,3627.39,1
46211ZV51A,BREMSSCHLAUCH,0.107,0.485,nissan,3093.7,1
462401CD1A,BREMSLEITUNG,0.22,1.0,nissan,2477.47,1
46512H0101,HALTER,0.003,0.009,nissan,630.37,1
4653435F05,BUCHSE,0.002,0.006,nissan,464.53,1
46584S0100,STOPFEN,0.007,0.018,nissan,387.5,1
47240AL500,SENSOR,0.048,0.132,nissan,24844.67,1
479005X01A,SENSOR,0.145,0.396,nissan,12065.1,1
479007S200,SENSOR,0.221,0.603,nissan,14723.35,1
47900ED000,SENSOR,0.112,0.306,nissan,20494.95,1
47900JL00A,SENSOR,0.107,0.291,nissan,37561.37,1
479010M000,SENSOR,0.22,0.6,nissan,19407.91,1
47901JL00A,SENSOR,0.044,0.12,nissan,37561.37,1
479101DA1A,SENSOR,0.059,0.162,nissan,35037.52,1
4791031U00,SENSOR,0.298,0.813,nissan,30283.01,1
4791086E00,SENSOR,0.495,1.35,nissan,29461.64,1
47910VC200,SENSOR,0.491,1.338,nissan,35050.88,1
47945AS500,SENSOR,0.109,0.297,nissan,27422.75,1
47960BC00A,HALTER,0.017,0.045,nissan,820.58,1
4812835A01,BUCHSE,0.008,0.021,nissan,194.14,1
4823803E00,DICHTGUMMI,0.001,0.003,nissan,114.76,1
4854401L00,BUCHSE,0.009,0.024,nissan,973.07,1
487500M010,SCHALTER,0.046,0.21,nissan,4381.95,1
490018H92B,SERVOLENKUNG,9.658,20.0,nissan,89007.43,1
49262Y0100,O-RING,0.001,0.003,nissan,937.7,1
4927732J10,REP-SATZ,0.003,0.009,nissan,1702.48,1
4934511G25,REP-SATZ,0.002,0.006,nissan,1160.92,1
4934555G26,REP-SATZ,0.006,0.015,nissan,3178.58,1
4936955G01,KAPPE,0.008,0.035,nissan,1702.48,1
49373M7270,DECKEL,0.009,0.024,nissan,929.05,1
497172Y900,SCHLAUCH,0.255,1.16,nissan,6607.9,1
4972001J63,SCHLAUCH,0.538,1.467,nissan,9454.01,1
49720WL000,LEITUNG,0.561,1.53,nissan,34716.83,1
4972501J62,SCHLAUCH,0.061,0.275,nissan,2069.54,1
4972501J63,SCHLAUCH,0.102,0.465,nissan,3093.7,1
497251Y100,SCHLAUCH,0.089,0.405,nissan,3803.45,1
497255M520,SCHLAUCH,0.059,0.27,nissan,2051.46,1
497257S006,SCHLAUCH,0.086,0.39,nissan,2321.84,1
497259Y010,SCHLAUCH,0.063,0.285,nissan,3932.36,1
49725CA010,SCHLAUCH,0.125,0.57,nissan,3932.36,1
49725VC502,SCHLAUCH,0.056,0.255,nissan,3932.36,1
49761V5400,SCHALTER,0.066,0.3,nissan,7612.41,1
497904W00A,LEITUNG,0.293,15.0,nissan,12966.64,1
497909FD0A,OELKUEHLER,0.425,9.0,nissan,9844.65,1
501307S000,QUERTRAEGER,2.97,10.8,nissan,12061.17,1
5101031G00,TRAVERSE,3.764,13.688,nissan,29357.1,1
54034AG001,UNTERLAGE,0.191,0.522,nissan,2595.37,1
54330ED000,KAPPE,0.018,0.048,nissan,1054.03,1
54617C7600,BUCHSE,0.055,15.0,nissan,648.45,1
550312Y000,STANGE,0.009,0.024,nissan,1076.82,1
55034VB010,UNTERLAGE,0.143,0.39,nissan,1784.22,1
5503641G00,UNTERLAGE,0.037,0.102,nissan,2595.37,1
550367S000,BUCHSE,0.295,0.804,nissan,3874.19,1
5504001R00,BUCHSE,1.716,4.68,nissan,10705.32,1
55400JD60A,ACHSTRAEGER,20.24,50.0,nissan,65557.12,1
555012L702,QUERLENKER,28.05,50.0,nissan,83442.55,1
620221LK0H,STOSSSTANGE,7.153,25.0,nissan,33770.49,1
620221LR1H,STOSSSTANGE,5.951,25.0,nissan,33770.49,1
620221V82H,STOSSSTANGE,6.028,25.0,nissan,33770.49,1
620224GD0H,STOSSSTANGE,4.554,25.0,nissan,30511.73,1
62022ED025,STOSSSTANGE,4.565,25.0,nissan,21175.63,1
62022JB100,STOSSSTANGE,5.94,25.0,nissan,22588.07,1
620233GY0A,Abdeckung,0.034,0.093,nissan,340.34,1
6202409G00,STOSSECKE,0.528,2.4,nissan,2330.49,1
62024VB000,STOSSECKE,1.65,7.5,nissan,16039.9,1
62025JS54A,STOSSFAENGER,4.873,25.0,nissan,7136.88,1
6203045L30,VERSTAERKUNG,8.91,32.4,nissan,14265.9,1
6203061A31,VERSTAERKUNG,8.25,30.0,nissan,10267.52,1
620308J000,VERSTAERKUNG,4.576,10.0,nissan,9473.66,1
62030CA000,VERSTAERKUNG,4.744,10.0,nissan,22669.81,1
62030R8000,STOSSECKE,0.132,0.48,nissan,3242.25,1
620421CA0A,HALTER,0.021,0.057,nissan,1497.33,1
62042EA001,HALTER,0.04,0.108,nissan,3605.38,1
6204401E00,ZIERLEISTE,0.011,0.05,nissan,942.41,1
6204501E00,ZIERLEISTE,0.011,0.03,nissan,942.41,1
620581CA0A,HALTER,0.205,0.558,nissan,9285.8,1
620583TA0A,STOSSECKE,0.138,0.375,nissan,2178.79,1
620584GA0A,HALTER,0.127,0.345,nissan,1505.98,1
62058JK000,HALTER,0.09,0.246,nissan,5270.13,1
620593TA0A,Halter,0.135,0.369,nissan,2178.79,1
62059JL00A,HALTER,0.053,0.144,nissan,3095.27,1
620622S400,HALTER,0.142,0.387,nissan,1985.44,1
62064CA00A,VERSTAERKUNG,0.81,3.68,nissan,4856.69,1
62065CA00A,STOSSGUMMI,0.751,25.0,nissan,4856.69,1
6206901N02,STOSSECKE,0.297,7.0,nissan,4203.53,1
62069VD200,STOSSECKE,0.591,25.0,nissan,3088.98,1
620708J100,ZIERLEISTE,2.497,10.0,nissan,17069.56,1
62070AM800,KUEHLERGRILL,2.002,10.0,nissan,20597.13,1
620744M540,ZIERLEISTE,0.173,0.785,nissan,1196.29,1
6207521L03,ZIERLEISTE,0.396,1.8,nissan,7068.5,1
620753KA0A,Zierleiste,0.329,1.495,nissan,9270.87,1
620754M540,ZIERLEISTE,0.173,0.785,nissan,1196.29,1
6207621L03,ZIERLEISTE,0.154,0.7,nissan,5628.55,1
620861GR0H,ABDECKUNG,0.018,0.048,nissan,1891.9,1
62087CA000,ZIERLEISTE,0.041,0.185,nissan,1088.61,1
62087CC20A,ZIERLEISTE,0.035,0.096,nissan,1088.61,1
62090EM00A,STOSSDAEMPFER,0.426,1.5,nissan,6115.08,1
62090ZX00A,STOSSDAEMPFER,0.737,1.5,nissan,3605.38,1
62094JK00A,DIST-SCHEIBE,0.002,0.006,nissan,817.44,1
62094VC200,HALTER,0.039,0.175,nissan,749.06,1
622156GW0A,HALTER,0.237,0.645,nissan,4106.85,1
622200E700,HALTER,0.11,0.5,nissan,1326.77,1
622203TA0A,Halter,0.045,0.123,nissan,749.06,1
6222045L00,HALTER,0.132,0.6,nissan,1187.65,1
6222085E00,HALTER,0.088,0.4,nissan,855.17,1
622210E700,HALTER,0.11,0.5,nissan,1326.77,1
6222145L00,HALTER,0.132,0.6,nissan,1187.65,1
6222185E00,HALTER,0.088,0.4,nissan,855.17,1
622221EA0B,HALTER,0.094,0.255,nissan,1429.73,1
62222BA60A,HALTER,0.141,0.384,nissan,1021.8,1
62222EA500,HALTER,0.132,0.36,nissan,1292.97,1
62222EA510,HALTER,0.658,2.99,nissan,3163.65,1
62222JG000,HALTER,0.036,0.099,nissan,1497.33,1
622234CL0A,HALTER,0.09,0.246,nissan,2042.03,1
62223BR00A,HALTER,0.046,0.126,nissan,544.7,1
62223EA500,HALTER,0.131,0.357,nissan,1292.97,1
62223EA510,HALTER,0.648,25.0,nissan,1271.75,1
62224CG000,HALTER,0.007,0.018,nissan,817.44,1
62224JG000,HALTER,0.007,0.018,nissan,1429.73,1
622251HA0A,HALTER,0.039,0.105,nissan,272.74,1
6222521P01,HALTER,0.143,0.39,nissan,1234.81,1
62225CG000,HALTER,0.006,0.015,nissan,817.44,1
62225EM30A,HALTER,0.022,0.06,nissan,1021.8,1
622273KA1A,Halter,0.068,0.186,nissan,3063.04,1
622281MA0A,KLAMMER,0.116,0.315,nissan,1692.26,1
622284GA0A,KLAMMER,0.197,0.537,nissan,1579.07,1
62228CA000,KLAMMER,0.034,0.093,nissan,257.81,1
62228EA000,KLAMMER,0.05,0.135,nissan,1546.85,1
622310W000,HALTER,0.023,0.063,nissan,1546.85,1
62240EQ000,HALTER,1.069,10.0,nissan,16774.81,1
622562W100,BLENDE,0.244,10.0,nissan,1913.12,1
622562W500,BLENDE,0.182,7.0,nissan,1913.12,1
622563KA0A,VERKLEIDUNG,0.099,0.45,nissan,3955.15,1
622563Y500,BLENDE,0.737,3.35,nissan,1913.12,1
622565AA0A,Verkleidung,0.13,25.0,nissan,1497.33,1
6225661A02,BLENDE,0.201,0.915,nissan,4540.72,1
6225665A00,BLENDE,0.11,0.5,nissan,4495.92,1
62256BM474,BLENDE,0.109,7.0,nissan,1497.33,1
62256CA00A,BLENDE,0.601,25.0,nissan,3384.52,1
62256CC00A,BLENDE,0.064,0.174,nissan,2059.32,1
62256CC20B,BLENDE,0.099,7.0,nissan,5363.66,1
62256EA500,BLENDE,0.11,0.3,nissan,2825.67,1
62256EM30A,BLENDE,0.129,7.0,nissan,1225.37,1
62256JL10B,VERKLEIDUNG,0.312,7.0,nissan,2133.2,1
622572W500,BLENDE,0.179,7.0,nissan,2792.66,1
622573Y500,BLENDE,0.18,0.492,nissan,5224.54,1
6225761A02,BLENDE,0.121,0.55,nissan,4540.72,1
6225765A00,BLENDE,0.113,0.515,nissan,4495.92,1
622577S200,BLENDE,0.111,0.303,nissan,1497.33,1
6225783A00,BLENDE,0.039,0.175,nissan,1230.88,1
622578J000,BLENDE,0.056,7.0,nissan,3162.08,1
62257CC20B,BLENDE,0.098,7.0,nissan,5363.66,1
62257EB300,BLENDE,0.105,7.0,nissan,3199.81,1
6228481F00,STOPFEN,0.002,0.006,nissan,257.81,1
62284CA000,STOPFEN,0.03,0.081,nissan,516.4,1
622954KJ0A,HALTER,0.506,1.38,nissan,7528.31,1
622A06FV0H,Abdeckung,0.107,0.291,nissan,1891.9,1
622A09NC1A,Abdeckung,0.021,0.057,nissan,2579.65,1
6230095F0A,KUEHLERGRILL,2.642,10.0,nissan,9669.37,1
623101AA0A,KUEHLERGRILL,3.673,10.0,nissan,23206.65,1
623103UB0A,KUEHLERGRILL,2.112,10.0,nissan,16116.14,1
623106FR0D,Grill,2.97,10.0,nissan,16116.14,1
62310JN00A,KUEHLERGRILL,3.106,10.0,nissan,19260.14,1
6231815G00,KLAMMER,0.002,0.006,nissan,602.08,1
6235001M00,KLAMMER,0.006,0.015,nissan,859.88,1
62411R8001,BLENDE,0.286,1.3,nissan,4418.11,1
62414W1000,ZIERLEISTE,0.066,0.3,nissan,2164.64,1
62415W1000,ZIERLEISTE,0.066,0.3,nissan,2164.64,1
625000W700,FRONTRAHMEN,7.7,28.0,nissan,23910.91,1
62501JK05A,BLECH,7.264,30.0,nissan,18394.76,1
625102J030,STREBE,5.83,21.2,nissan,14605.45,1
62511EL030,STREBE,1.383,5.028,nissan,18570.82,1
62521AX630,BLECH,2.09,5.0,nissan,1702.48,1
625641BA0A,HALTER,0.112,0.306,nissan,6106.43,1
6265165Y00,FRONTBLECH,0.748,5.0,nissan,3751.58,1
6265175A00,FRONTBLECH,0.88,5.0,nissan,4680.63,1
626852S400,FUEHRUNG,0.363,1.65,nissan,7278.36,1
62822EE900,BLECH,0.186,0.845,nissan,3352.29,1
62840U7400,ANSCHLAG,0.011,0.03,nissan,499.11,1
6289031U00,EMBLEM,0.029,0.078,nissan,1955.57,1
6289043U00,EMBLEM,0.029,0.078,nissan,3346.0,1
6289047U00,EMBLEM,0.029,0.078,nissan,1955.57,1
628904BA0A,EMBLEM,0.054,0.147,nissan,5688.28,1
6289085E00,EMBLEM,0.011,0.03,nissan,2541.14,1
628908N700,EMBLEM,0.031,0.084,nissan,4098.99,1
628909F500,EMBLEM,0.021,0.057,nissan,3019.03,1
62890EM30A,EMBLEM,0.031,0.084,nissan,4644.47,1
6289217N00,EMBLEM,0.028,0.075,nissan,3058.33,1
6289751L00,EMBLEM,0.033,0.09,nissan,2719.56,1
631000X032,KOTFLUEGEL,4.4,45.0,nissan,19554.11,1
631003W730,KOTFLUEGEL,4.785,45.0,nissan,19423.63,1
631005Y135,KOTFLUEGEL,4.807,45.0,nissan,18323.23,1
6310085E30,KOTFLUEGEL,3.96,65.0,nissan,18218.69,1
631009F531,KOTFLUEGEL,3.201,45.0,nissan,10815.36,1
631015Y135,KOTFLUEGEL,5.005,45.0,nissan,18323.23,1
6310160M37,KOTFLUEGEL,2.53,45.0,nissan,29647.13,1
631016N630,KOTFLUEGEL,5.137,45.0,nissan,10815.36,1
631128J030,KOTFLUEGEL,4.103,45.0,nissan,18211.62,1
63112VK000,KOTFLUEGEL,4.917,45.0,nissan,18761.82,1
63113CA030,KOTFLUEGEL,4.546,45.0,nissan,21188.99,1
63122JD00A,VERSTAERKUNG,0.047,0.129,nissan,3871.05,1
63132JL01A,BLECH,0.04,0.108,nissan,1719.77,1
6381306J00,VERBREITERUNG,1.287,10.0,nissan,15796.24,1
63816V0100,ZIERLEISTE,0.022,0.1,nissan,2352.5,1
63827VB000,HALTER,0.015,0.042,nissan,1891.9,1
63833JK50A,BLECH,0.076,0.345,nissan,1375.5,1
638394M700,ABDECKUNG,0.046,0.126,nissan,1800.73,1
6383951U00,ABDECKUNG,0.043,0.117,nissan,2751.79,1
6384040U20,ABDECKUNG,0.678,10.0,nissan,6209.4,1
63840EA200,ABDECKUNG,1.98,10.0,nissan,6474.28,1
638415ZT0A,ABDECKUNG,1.848,10.0,nissan,11264.95,1
638416N600,ABDECKUNG,0.649,10.0,nissan,8869.22,1
63841EA200,ABDECKUNG,1.925,10.0,nissan,8300.95,1
63841JG30B,ABDECKUNG,1.023,10.0,nissan,7893.8,1
63841ZX00A,Abdeckung,1.054,10.0,nissan,10499.39,1
638420F010,ABDECKUNG,0.448,10.0,nissan,5409.25,1
638422W100,ABDECKUNG,0.347,10.0,nissan,4013.32,1
6384262B0A,ABDECKUNG,0.737,10.0,nissan,5943.73,1
63842EY10A,ABDECKUNG,1.169,10.0,nissan,7804.19,1
63842JK000,ABDECKUNG,0.561,10.0,nissan,5233.19,1
638431BA0A,ABDECKUNG,0.55,10.0,nissan,3192.73,1
638432W100,ABDECKUNG,0.307,10.0,nissan,3224.96,1
638433NA0A,ABDECKUNG,1.045,10.0,nissan,8425.13,1
6384390J00,ABDECKUNG,0.385,10.0,nissan,4523.43,1
638439F500,ABDECKUNG,1.1,10.0,nissan,1887.19,1
63843CA000,ABDECKUNG,0.348,10.0,nissan,5676.49,1
63843JD00A,ABDECKUNG,1.023,10.0,nissan,6899.51,1
6384401L00,ABDECKUNG,0.055,0.15,nissan,1030.45,1
638441BA0A,ABDECKUNG,0.77,10.0,nissan,3724.07,1
63844CG000,ABDECKUNG,0.99,10.0,nissan,6119.8,1
638450W000,ABDECKUNG,0.34,10.0,nissan,6297.43,1
63845CG000,ABDECKUNG,0.953,10.0,nissan,5943.73,1
6384801G00,KLAMMER,0.001,0.003,nissan,257.81,1
63848VD220,KLAMMER,0.004,0.012,nissan,343.48,1
63848VD300,KLAMMER,0.011,0.03,nissan,343.48,1
6385401A00,KLAMMER,0.001,0.003,nissan,309.68,1
6386115G00,ZIERLEISTE,0.165,10.0,nissan,7078.72,1
6387110W00,ZIERLEISTE,0.275,0.75,nissan,6868.85,1
6387201A23,ZIERLEISTE,0.077,0.35,nissan,1190.79,1
6387306E00,ZIERLEISTE,0.088,0.4,nissan,2015.3,1
6387461Y00,ZIERLEISTE,0.088,0.24,nissan,3932.36,1
6387501A22,ZIERLEISTE,0.022,0.2,nissan,1190.79,1
6387528E10,ZIERLEISTE,0.028,0.25,nissan,1568.86,1
6387550Y00,ZIERLEISTE,0.055,0.5,nissan,1946.14,1
6387561Y02,ZIERLEISTE,0.088,0.8,nissan,2918.42,1
6388001G01,ABDECKUNG,0.385,10.0,nissan,5055.55,1
63880VB001,DICHTGUMMI,0.045,0.123,nissan,4418.89,1
63880VD210,DICHTGUMMI,0.036,0.099,nissan,5076.77,1
63880VD214,DICHTGUMMI,0.041,0.111,nissan,6133.16,1
63881VD200,DICHTGUMMI,0.039,0.105,nissan,5668.63,1
63881VD210,DICHTGUMMI,0.043,0.117,nissan,5027.26,1
638A12Y000,ISOLIERUNG,0.022,0.06,nissan,2894.05,1
64100VK000,RADHAUS,6.006,50.0,nissan,32374.55,1
641012Y930,RADHAUS,4.928,50.0,nissan,25654.25,1
648383Z800,ABDECKUNG,0.25,8.0,nissan,1375.5,1
648389F000,ABDECKUNG,0.151,15.0,nissan,687.75,1
64899VK600,ABDECKUNG,0.001,0.005,nissan,516.4,1
653783JA0A,ABDECKUNG,0.056,0.255,nissan,1891.9,1
65450JK000,ABDECKUNG,0.044,0.2,nissan,1719.77,1
658100E020,DICHTGUMMI,0.065,0.177,nissan,1819.59,1
658101BA0A,DICHTGUMMI,0.056,0.153,nissan,4041.61,1
6581085E00,DICHTGUMMI,0.07,0.192,nissan,1819.59,1
65810JK000,DICHTGUMMI,0.046,0.126,nissan,3868.69,1
6581140U00,DICHTGUMMI,0.029,0.078,nissan,1127.12,1
6581188E00,ABDECKUNG,0.044,0.12,nissan,1840.81,1
658203TA0C,Dichtung,0.16,0.435,nissan,5203.32,1
658204GA0A,DICHTGUMMI,0.22,0.6,nissan,3437.96,1
658206GW0A,DICHTGUMMI,0.158,0.432,nissan,4367.02,1
6582151U00,DICHTGUMMI,0.045,0.123,nissan,1179.79,1
658219HS0A,DICHTUNG,0.605,1.65,nissan,6504.94,1
6582350A00,ZIERLEISTE,0.055,0.15,nissan,1538.2,1
6582375A10,ZIERLEISTE,0.055,0.15,nissan,1538.2,1
658402Y010,ISOLIERUNG,3.058,13.9,nissan,8763.9,1
65840VC200,ISOLIERUNG,2.42,20.0,nissan,11195.0,1
663021CA0B,LUFTKASTEN,0.924,3.36,nissan,11985.71,1
66510T6011,GITTER,0.109,10.0,nissan,1162.49,1
668102Y915,GITTER,0.825,3.75,nissan,6317.87,1
668103S100,GITTER,0.495,2.25,nissan,6525.37,1
66812VD300,GITTER,2.035,7.4,nissan,6666.07,1
6682001J00,KAPPE,0.001,0.003,nissan,90.39,1
6686001W01,KLAMMER,0.001,0.003,nissan,257.81,1
668632M120,ABDECKUNG,0.385,10.0,nissan,3178.58,1
668941JA0A,ABDECKUNG,0.055,0.15,nissan,1805.44,1
668954M700,ABDECKUNG,0.052,0.141,nissan,4552.51,1
66919H1001,KLAMMER,0.001,0.003,nissan,231.87,1
681064W300,ABDECKUNG,1.882,6.844,nissan,18749.24,1
684102Y910,ABDECKUNG,0.022,0.1,nissan,4299.42,1
6874141L00,LUFTDUESE,0.022,0.06,nissan,896.83,1
687418F200,LUFTDUESE,0.022,0.06,nissan,1625.45,1
6875013E00,LUFTDUESE,0.165,10.0,nissan,5232.4,1
68750CG000,LUEFTER,0.165,0.75,nissan,7061.42,1
6876013E00,LUFTDUESE,0.143,10.0,nissan,5232.4,1
6876085E00,LUFTDUESE,0.176,10.0,nissan,4073.05,1
6876085E02,LUFTDUESE,0.176,10.0,nissan,4073.05,1
6876513E00,LUFTDUESE,0.1,10.0,nissan,6260.49,1
68930EQ51A,ABDECKUNG,0.257,1.17,nissan,3868.69,1
6896051E03,STOPFEN,0.007,0.018,nissan,609.15,1
689608H900,STOPFEN,0.01,0.027,nissan,1891.9,1
727140P005,ABSTAND,0.003,0.009,nissan,773.42,1
727144M400,ABSTAND,0.002,0.006,nissan,859.88,1
72714EL00B,ABSTAND,0.007,0.018,nissan,3868.69,1
7271551S00,HALTER,0.002,0.006,nissan,281.39,1
7272561Y00,KLAMMER,0.022,0.06,nissan,2579.65,1
72725W1001,DICHTGUMMI,0.055,0.15,nissan,2383.15,1
72772V6200,ZIERLEISTE,0.825,7.5,nissan,5519.29,1
7279640U10,KLAMMER,0.009,0.024,nissan,687.75,1
727964M410,KLAMMER,0.004,0.012,nissan,267.24,1
73830CG710,KAPPE,0.218,0.99,nissan,5296.07,1
738318H70A,KAPPE,0.143,0.39,nissan,2751.79,1
7386001M20,SCHARNIER,0.053,0.144,nissan,2026.31,1
73860JA000,ZIERLEISTE,0.058,0.159,nissan,2973.44,1
7387313A01,DICHTGUMMI,0.147,0.402,nissan,3531.5,1
738845V000,STOPFEN,0.003,0.009,nissan,859.88,1
7399660U10,KLAMMER,0.004,0.012,nissan,257.81,1
73998VB006,KLAMMER,0.008,0.021,nissan,516.4,1
745145M030,BODENBLECH,6.6,100.0,nissan,35333.06,1
74812CG000,ABDECKUNG,0.627,15.0,nissan,10377.56,1
74813CG000,ABDECKUNG,0.622,15.0,nissan,9312.53,1
74890VB000,ABDECKUNG,0.387,1.76,nissan,1891.9,1
749602S700,MANSCHETTE,1.46,5.308,nissan,7024.48,1
758906CA0A,ABDECKUNG,1.147,5.215,nissan,18305.15,1
75892CD00A,ABDECKUNG,1.375,15.0,nissan,17915.3,1
75892EL000,ABDECKUNG,0.504,15.0,nissan,16851.05,1
758934M420,ABDECKUNG,0.429,15.0,nissan,8958.83,1
75893AL500,ABDECKUNG,0.039,15.0,nissan,3813.67,1
758944M420,ABDECKUNG,0.446,15.0,nissan,8779.62,1
75896AV600,ABDECKUNG,0.274,15.0,nissan,1641.17,1
7589950A10,ABDECKUNG,0.132,15.0,nissan,1353.49,1
76214VB000,VERSTAERKUNG,3.795,13.8,nissan,16730.8,1
767467S600,ABDECKUNG,0.196,8.0,nissan,1375.5,1
767477S600,ABDECKUNG,0.168,8.0,nissan,1375.5,1
7680450Y00,ABDECKUNG,0.061,0.275,nissan,3259.54,1
768050M000,ABDECKUNG,0.201,0.915,nissan,3585.73,1
7680550Y00,ABDECKUNG,0.083,10.0,nissan,3259.54,1
7681357A00,ZIERLEISTE,0.165,0.75,nissan,3852.19,1
7683201L02,DICHTGUMMI,0.506,1.38,nissan,3496.91,1
76832C6600,DICHTGUMMI,1.472,4.014,nissan,8548.54,1
768432S700,DICHTGUMMI,0.109,0.297,nissan,3622.67,1
768432Y06A,DICHTGUMMI,0.596,1.626,nissan,3622.67,1
76845VB000,KAPPE,0.009,0.04,nissan,429.94,1
768471BA2A,KLAMMER,0.002,0.006,nissan,257.81,1
76847JG00A,KLAMMER,0.002,0.006,nissan,257.81,1
76847VB000,KLAMMER,0.001,0.003,nissan,257.81,1
768486P020,STOPFEN,0.003,0.009,nissan,343.48,1
76848ED000,STOPFEN,0.002,0.006,nissan,343.48,1
76848VB000,STOPFEN,0.003,0.009,nissan,343.48,1
76851JN23D,DICHTGUMMI,3.3,15.0,nissan,10189.7,1
7685261Y00,VERBREITERUNG,1.232,3.36,nissan,18715.45,1
7685661Y00,VERBREITERUNG,0.561,2.04,nissan,11438.66,1
768810W000,BUCHSE,0.002,0.006,nissan,231.87,1
768820M000,KLAMMER,0.003,0.009,nissan,257.81,1
768820M060,KLAMMER,0.002,0.006,nissan,541.55,1
768829Y000,KLAMMER,0.002,0.006,nissan,429.94,1
76882D4001,KLAMMER,0.002,0.006,nissan,602.08,1
76899CG000,BLENDE,0.165,15.0,nissan,2306.91,1
76921CA011,DICHTGUMMI,0.913,2.49,nissan,5724.44,1
76922CA012,DICHTGUMMI,0.892,2.433,nissan,14101.63,1
76922VD200,DICHTGUMMI,0.825,2.25,nissan,6074.21,1
76922VD205,DICHTGUMMI,0.831,2.265,nissan,12240.38,1
7692385E02,DICHTGUMMI,0.583,1.59,nissan,5368.38,1
769518H301,VERKLEIDUNG,0.185,15.0,nissan,4358.37,1
769528H301,VERKLEIDUNG,0.19,15.0,nissan,5760.59,1
769B04M401,VERKLEIDUNG,0.075,15.0,nissan,3232.03,1
769B41LZ0A,Verkleidung,0.317,1.44,nissan,10406.64,1
77008AX60A,ENTLUEFTUNG,0.076,0.345,nissan,945.56,1
781354M500,BLECH,0.469,1.704,nissan,7528.31,1
78140AM800,BLECH,0.649,2.36,nissan,4183.88,1
7881861Y00,ABDECKUNG,0.044,0.2,nissan,790.72,1
78818EL000,ABDECKUNG,0.144,10.0,nissan,1891.9,1
78819CG000,ABDECKUNG,0.094,0.255,nissan,2579.65,1
78836AG00A,FEDER,0.006,0.015,nissan,687.75,1
78836ET00A,FEDER,0.008,0.021,nissan,429.94,1
78852CG000,ABDECKUNG,0.201,8.0,nissan,4367.02,1
78868CG000,KLAMMER,0.001,0.003,nissan,257.81,1
78872W2800,ZIERLEISTE,0.143,0.65,nissan,2273.9,1
7887350Y00,ZIERLEISTE,0.011,0.05,nissan,580.85,1
791105Y000,HECKBLECH,4.015,14.6,nissan,36054.61,1
7975450Y05,ZIERLEISTE,0.011,0.05,nissan,1043.02,1
7976241L00,ZIERLEISTE,0.055,0.15,nissan,1270.18,1
802820E700,ZIERLEISTE,0.11,0.5,nissan,4347.37,1
8028286E00,ZIERLEISTE,0.121,0.55,nissan,3116.49,1
8028540U00,ZIERLEISTE,0.099,0.45,nissan,2464.11,1
8029001G00,ABDECKUNG,0.055,0.15,nissan,3444.25,1
8029301G01,ABDECKUNG,0.033,0.15,nissan,1658.46,1
803000W200,SEITENSCHEIBE,3.905,12.0,nissan,33130.69,1
8030101N00,SEITENSCHEIBE,4.631,12.0,nissan,10755.62,1
8033001L00,FUEHRUNG,0.385,1.05,nissan,4528.15,1
803302S40A,FUEHRUNG,0.839,2.289,nissan,9013.06,1
803307F000,FUEHRUNG,0.946,2.58,nissan,8548.54,1
8033101G61,FUEHRUNG,0.833,2.271,nissan,15981.74,1
803311LA1A,FUEHRUNG,0.583,1.59,nissan,15702.71,1
803312S40A,FUEHRUNG,0.84,2.292,nissan,9012.28,1
8043099G00,FANGBAND,0.143,0.39,nissan,4459.76,1
80595N1600,KNOPF,0.003,0.009,nissan,1032.02,1
8059801S13,BLENDE,0.008,0.021,nissan,288.46,1
80654CC010,DICHTUNG,0.003,0.009,nissan,727.05,1
806832Y000,GRIFFMULDE,0.037,0.102,nissan,844.16,1
806842Y000,GRIFFMULDE,0.028,0.125,nissan,795.43,1
808120M000,FOLIE,0.003,0.009,nissan,936.91,1
808200E760,ZIERLEISTE,0.253,1.15,nissan,6105.65,1
808204CL0A,ZIERLEISTE,0.462,2.1,nissan,4866.91,1
8082140U00,ZIERLEISTE,0.231,15.0,nissan,10701.39,1
80821JA01A,ZIERLEISTE,0.275,1.25,nissan,5098.0,1
8082351N10,DICHTGUMMI,0.209,1.9,nissan,2416.16,1
8083001N00,DICHTGUMMI,0.33,0.9,nissan,5259.91,1
8083023A00,DICHTGUMMI,0.33,0.9,nissan,4293.13,1
80830EQ00A,DICHTGUMMI,0.38,1.035,nissan,6410.62,1
80830W1010,DICHTGUMMI,0.33,0.9,nissan,6279.35,1
8083140U01,DICHTGUMMI,0.376,1.026,nissan,7712.23,1
80831VK900,DICHTGUMMI,0.44,1.2,nissan,6318.65,1
8083417N00,DICHTGUMMI,0.11,0.3,nissan,2714.06,1
8083426J10,DICHTGUMMI,0.22,0.6,nissan,4041.61,1
8083440U00,DICHTGUMMI,0.282,0.768,nissan,1584.58,1
8083526J10,DICHTGUMMI,0.22,0.6,nissan,4041.61,1
808353JA0B,DICHTGUMMI,0.275,0.75,nissan,6875.14,1
8083840U00,DICHTGUMMI,0.067,0.183,nissan,4106.85,1
8084001L01,ZIERLEISTE,0.242,0.66,nissan,5648.2,1
80850CA00A,KLAMMER,0.002,0.006,nissan,343.48,1
80866W5001,KLAMMER,0.001,0.003,nissan,140.69,1
808701HA2A,ZIERLEISTE,0.209,0.95,nissan,3512.63,1
8087085E11,ZIERLEISTE,0.539,2.45,nissan,8337.89,1
8087208L70,ZIERLEISTE,0.704,1.92,nissan,6333.59,1
80940VB011,ARMLEHNE,0.253,1.15,nissan,4725.43,1
8097001B00,ROSETTE,0.001,0.003,nissan,101.39,1
80970W5010,ROSETTE,0.002,0.006,nissan,602.08,1
822622W300,SEITENSCHEIBE,0.99,15.0,nissan,7966.11,1
822630W000,SEITENSCHEIBE,1.134,12.0,nissan,3462.33,1
822632W300,SEITENSCHEIBE,0.99,12.0,nissan,7896.16,1
8227240U00,DICHTGUMMI,0.363,0.99,nissan,3074.05,1
822730W000,DICHTGUMMI,0.438,1.194,nissan,3331.85,1
822D31LA0A,VERKLEIDUNG,0.502,2.28,nissan,4851.19,1
82300C6660,SEITENSCHEIBE,3.685,12.0,nissan,7048.85,1
82300CG81A,SCHEIBE,3.003,12.0,nissan,21978.92,1
823013W000,SEITENSCHEIBE,2.75,12.0,nissan,10280.88,1
82301C6600,SEITENSCHEIBE,3.85,15.0,nissan,7048.85,1
82301CA00A,SEITENSCHEIBE,3.443,12.0,nissan,13869.76,1
82301VB00A,SEITENSCHEIBE,2.761,12.0,nissan,11879.6,1
823300M000,DICHTGUMMI,0.539,1.47,nissan,5383.31,1
8233020G01,DICHTGUMMI,0.616,1.68,nissan,20162.47,1
823307F600,FUEHRUNG,0.759,2.07,nissan,11056.66,1
823312S712,DICHTGUMMI,0.86,2.346,nissan,8920.31,1
82683JD00B,GRIFFMULDE,0.059,0.27,nissan,574.57,1
827204M400,FENSTERHEBER,0.638,2.9,nissan,5861.2,1
827208H30A,FENSTERHEBER,0.839,3.815,nissan,10614.14,1
82819VC300,FOLIE,0.072,0.195,nissan,2626.03,1
8283001J00,DICHTGUMMI,0.464,1.266,nissan,5110.57,1
828300W000,DICHTGUMMI,0.319,0.87,nissan,8731.67,1
8283020G01,DICHTGUMMI,0.33,0.9,nissan,1111.4,1
8283040U00,DICHTGUMMI,0.272,0.741,nissan,6203.11,1
82830JK000,DICHTUNG,0.51,1.392,nissan,9570.34,1
82830ZX60A,DICHTGUMMI,0.524,1.428,nissan,8269.51,1
8283123A00,DICHTGUMMI,0.33,0.9,nissan,4778.09,1
8283401L01,DICHTGUMMI,0.132,0.36,nissan,3292.55,1
828340M000,DICHTGUMMI,0.13,0.59,nissan,3403.38,1
8283506J00,DICHTGUMMI,0.153,0.417,nissan,3868.69,1
8283585E10,DICHTGUMMI,0.121,0.33,nissan,3068.54,1
828384M700,DICHTGUMMI,0.032,0.087,nissan,4041.61,1
828394M700,DICHTGUMMI,0.03,0.081,nissan,2233.81,1
828707S680,ZIERLEISTE,2.778,4.0,nissan,13887.05,1
8287131U70,ZIERLEISTE,0.504,2.29,nissan,8866.87,1
828719NF0A,ZIERLEISTE,0.407,3.7,nissan,8951.75,1
8287201A22,ZIERLEISTE,0.22,1.0,nissan,2807.59,1
8287250A01,ZIERLEISTE,0.341,1.55,nissan,2849.25,1
8287355A01,ZIERLEISTE,0.358,1.625,nissan,4069.91,1
828763JA0B,ZIERLEISTE,0.803,3.65,nissan,27104.42,1
828938H300,VERKLEIDUNG,0.036,0.165,nissan,1891.9,1
829602Y100,ABDECKUNG,0.077,0.35,nissan,4663.34,1
82960VB000,ABDECKUNG,0.143,0.65,nissan,7265.0,1
83301CA000,SEITENSCHEIBE,1.122,15.0,nissan,12660.89,1
83301VC710,SEITENSCHEIBE,7.942,12.0,nissan,24823.45,1
8333006J02,DICHTGUMMI,3.025,8.25,nissan,19047.92,1
8333106J02,DICHTGUMMI,2.999,8.178,nissan,19047.92,1
8333355A00,DICHTGUMMI,0.499,1.362,nissan,8828.35,1
8333701J00,DICHTGUMMI,0.42,1.146,nissan,10127.61,1
8335415N00,DICHTGUMMI,0.594,1.62,nissan,3357.01,1
8381241G00,ZIERLEISTE,0.407,1.11,nissan,3760.22,1
8382004P00,ABDECKUNG,0.11,1.0,nissan,6997.76,1
8385241G00,ZIERLEISTE,0.008,0.021,nissan,1006.08,1
844372Y000,HALTER,0.018,0.048,nissan,429.94,1
846326P000,ABDECKUNG,0.013,0.036,nissan,2579.65,1
8486050Y00,ZIERLEISTE,0.231,1.05,nissan,4824.47,1
84890JH00A,EMBLEM,0.02,0.054,nissan,4516.36,1
848955ZT0A,EMBLEM,0.039,0.105,nissan,5091.71,1
848958H300,EMBLEM,0.037,0.102,nissan,4516.36,1
84914VD205,HALTER,0.275,1.25,nissan,4133.57,1
8492031U00,VERKLEIDUNG,0.288,1.31,nissan,4466.84,1
849204M500,VERKLEIDUNG,0.21,7.0,nissan,8869.22,1
8492085E01,VERKLEIDUNG,0.66,3.0,nissan,7871.79,1
849212F000,VERKLEIDUNG,0.33,15.0,nissan,1066.6,1
84937ZB100,HAKEN,0.012,0.033,nissan,213.01,1
849407S100,VERKLEIDUNG,4.01,18.225,nissan,6740.74,1
84941ED900,VERKLEIDUNG,0.77,3.5,nissan,6121.37,1
849502Y00A,VERKLEIDUNG,0.93,7.0,nissan,7633.63,1
849512Y00A,VERKLEIDUNG,2.849,20.0,nissan,6510.44,1
84955VB101,ABDECKUNG,0.077,0.35,nissan,587.93,1
849588H300,ABDECKUNG,0.099,0.45,nissan,1559.42,1
849588H301,ABDECKUNG,0.088,0.4,nissan,1559.42,1
84992ED000,ABDECKUNG,1.02,4.635,nissan,5314.93,1
849951LA0A,KLAMMER,0.003,0.009,nissan,257.81,1
849953J100,KLAMMER,0.001,0.003,nissan,257.81,1
850104KJ0A,STOSSSTANGE,10.01,25.0,nissan,37147.93,1
850147S000,ABDECKUNG,0.946,15.0,nissan,1176.64,1
85014VK50B,ABDECKUNG,7.37,25.0,nissan,21262.87,1
8502121C00,STOSSECKE,0.308,1.4,nissan,4334.0,1
8502221G00,STOSSSTANGE,7.59,25.0,nissan,15879.56,1
850223BN0H,KLAMMER,5.28,25.0,nissan,17153.66,1
85022ED025,STOSSSTANGE,5.001,25.0,nissan,20307.1,1
85024VC200,STOSSECKE,1.674,25.0,nissan,27811.82,1
8503041L33,VERSTAERKUNG,7.15,10.0,nissan,14366.51,1
85030CG000,VERSTAERKUNG,8.768,10.0,nissan,16814.9,1
850322Y90A,VERSTAERKUNG,4.675,10.0,nissan,19910.17,1
85071JD01A,ABDECKUNG,0.022,0.06,nissan,408.72,1
850728M100,ZIERLEISTE,0.716,7.0,nissan,5002.89,1
850728M111,ZIERLEISTE,0.33,7.0,nissan,3728.78,1
850901LA0A,DAEMPFER,1.144,1.5,nissan,17650.42,1
850903Y100,STOSSDAEMPFER,0.683,1.5,nissan,14974.09,1
850B21KA0A,STOSSSTANGE,1.98,25.0,nissan,8534.39,1
850B26CA0H,STOSSSTANGE,3.201,25.0,nissan,6424.76,1
852203TA0A,HALTER,0.116,0.315,nissan,1497.33,1
852210E710,HALTER,0.264,0.72,nissan,2275.47,1
852220M00A,HALTER,0.008,0.021,nissan,749.06,1
852224U000,HALTER,0.008,0.021,nissan,773.42,1
85222JD00A,HALTER,0.029,0.078,nissan,613.08,1
85226EM30A,HALTER,0.161,0.438,nissan,2178.79,1
852321S800,ABDECKUNG,4.034,5.0,nissan,29732.81,1
873808F201,VERKLEIDUNG,0.303,1.375,nissan,1514.62,1
87405C7100,ABDECKUNG,0.055,0.25,nissan,1188.43,1
87455VD405,ABDECKUNG,0.176,0.8,nissan,2461.75,1
875582Y002,ABDECKUNG,0.023,0.063,nissan,794.65,1
903001HB3A,HECKSCHEIBE,4.499,40.0,nissan,19260.14,1
9031041G16,DICHTGUMMI,0.66,1.8,nissan,9197.77,1
9031106J00,DICHTGUMMI,0.696,1.899,nissan,13101.83,1
903568H300,HALTER,0.002,0.006,nissan,1891.9,1
903868H304,DICHTGUMMI,0.037,0.102,nissan,2477.47,1
903868H305,DICHTGUMMI,0.022,0.06,nissan,2477.47,1
90830VB000,DICHTGUMMI,0.347,0.945,nissan,10034.86,1
90832VB000,DICHTGUMMI,0.218,0.594,nissan,7433.2,1
90890AX600,EMBLEM,0.028,0.075,nissan,2942.0,1
908929U000,EMBLEM,0.025,0.069,nissan,3173.08,1
9089506J00,EMBLEM,0.058,0.159,nissan,4552.51,1
9089553N00,EMBLEM,0.059,0.162,nissan,4516.36,1
90895VD300,EMBLEM,0.048,0.132,nissan,4851.19,1
908971V80B,Emblem,0.033,0.09,nissan,4767.88,1
90990VB000,KLAMMER,0.001,0.003,nissan,257.81,1
90990VD201,KLAMMER,0.007,0.018,nissan,257.81,1
912102F008,GLASDACH,2.934,30.0,nissan,50108.29,1
91210CG110,GLASDACH,5.83,30.0,nissan,109853.72,1
913605M000,SCHLAUCH,0.33,160.0,nissan,7569.97,1
921009H200,KONDENSATOR,3.025,8.25,nissan,44063.16,1
92100AX800,KONDENSATOR,2.75,7.5,nissan,12382.64,1
92100EA500,Kondensator,5.885,16.05,nissan,34975.43,1
921100S200,KONDENSATOR,3.85,10.5,nissan,17813.9,1
9212201A00,GEBLAESE,0.149,0.405,nissan,2434.24,1
9240055C01,WASSERSCHLAUCH,0.064,0.29,nissan,2342.28,1
92400C6060,WASSERSCHLAUCH,0.132,0.6,nissan,2034.17,1
92400ED000,WASSERSCHLAUCH,0.167,0.76,nissan,2174.86,1
92400VC300,WASSERSCHLAUCH,0.134,0.61,nissan,3766.51,1
92401JK20A,WASSERSCHLAUCH,0.063,0.285,nissan,1702.48,1
92410VC300,WASSERSCHLAUCH,0.105,0.475,nissan,3735.86,1
92413C6000,WASSERSCHLAUCH,0.098,0.445,nissan,1259.96,1
9241825N00,STOPFEN,0.017,0.075,nissan,268.03,1
9243101J00,SCHLAUCH,0.094,0.425,nissan,4109.99,1
9244084A11,LEITUNG,0.154,0.42,nissan,7530.67,1
9244185E00,LEITUNG,0.099,0.27,nissan,4907.78,1
924421M200,LEITUNG,0.099,15.0,nissan,6260.49,1
92446D4002,LEITUNG,0.099,0.27,nissan,10066.3,1
924501LK0A,LEITUNG,0.77,15.0,nissan,19156.39,1
92470HC050,O-RING,0.001,0.003,nissan,231.87,1
924801J63A,SCHLAUCH,0.44,15.0,nissan,11796.29,1
92480JK600,SCHLAUCH,0.432,15.0,nissan,22000.93,1
9250001A02,LEITUNG,0.099,0.27,nissan,3553.51,1
9250001G00,ANSCHLUSS,0.088,0.24,nissan,2074.25,1
92500C6000,ANSCHLUSS,0.165,0.45,nissan,2031.81,1
92500JK20A,Anschluss,0.11,0.3,nissan,3637.61,1
9278501L00,REP-SATZ,0.044,0.12,nissan,2358.79,1
934911LB0A,Emblem,0.025,0.069,nissan,4767.88,1
93494EB360,EMBLEM,0.043,0.117,nissan,4025.11,1
93828BR01A,VERBREITERUNG,1.1,10.0,nissan,10206.21,1
93828VD30A,VERBREITERUNG,0.395,10.0,nissan,14587.37,1
93829VD500,VERBREITERUNG,1.54,10.0,nissan,26668.19,1
93840VB001,ABDECKUNG,0.052,0.141,nissan,2592.23,1
93841VB001,ABDECKUNG,0.052,0.141,nissan,2710.13,1
93841VD404,ABDECKUNG,0.023,0.063,nissan,6317.87,1
93841VK202,ABDECKUNG,0.033,0.09,nissan,4924.29,1
93845VD210,DICHTGUMMI,0.042,0.114,nissan,4862.2,1
93845VD212,DICHTGUMMI,0.033,0.09,nissan,3683.2,1
93845VD214,DICHTGUMMI,0.033,0.09,nissan,3817.6,1
9384632J01,KAPPE,0.105,0.285,nissan,8455.79,1
93846VD312,DICHTGUMMI,0.011,0.03,nissan,6318.65,1
960155X00A,SPOILER,0.55,9.0,nissan,4234.97,1
96111VC500,TRITTBRETT,3.289,5.0,nissan,35763.79,1
96117VB200,KAPPE,0.095,15.0,nissan,3868.69,1
96130C7600,HALTER,0.11,5.0,nissan,726.26,1
9615206J10,DICHTGUMMI,0.221,1.005,nissan,1891.9,1
962103L163,HALTER,0.549,25.0,nissan,11756.2,1
96302JB14E,Spiegel,0.305,0.831,nissan,1924.13,1
96312EL12A,BLENDE,0.118,0.321,nissan,4179.95,1
963212DR0A,Innenspiegel,0.362,0.987,nissan,11217.01,1
9632701E01,HALTER,0.022,0.06,nissan,319.9,1
96329VD201,ABDECKUNG,0.007,0.03,nissan,114.76,1
963352F075,BLENDE,0.099,0.45,nissan,2477.47,1
96373JD08E,ABDECKUNG,0.369,1.005,nissan,5688.28,1
963744GA0H,SPIEGELKAPPE,0.234,0.639,nissan,8951.75,1
963744X08E,ABDECKUNG,0.351,0.957,nissan,7779.83,1
96374AX800,ABDECKUNG,0.191,0.522,nissan,3871.05,1
96935EE90A,MANSCHETTE,0.198,0.9,nissan,11307.4,1
96938VW000,KLAMMER,0.002,0.006,nissan,574.57,1
98581ZT08A,SENSOR,0.16,0.435,nissan,4865.34,1
A403511M2E,DICHTUNG,0.015,0.042,nissan,1454.89,1
A4461EQ40A,LADELUFTKUEHLER,5.071,9.0,nissan,32098.67,1
A874220040,SCHLAUCH,0.502,2.28,nissan,3764.15,1
B14834U103,ZARGE,1.119,15.0,nissan,18397.9,1
B2318N3301,SCHLAUCH,0.295,1.34,nissan,5354.23,1
B2320AU370,SCHLAUCH,0.704,3.2,nissan,8197.98,1
B5567CB66A,KOMBIGEHAEUSE,0.45,1.227,nissan,19992.7,1
B5567JG49D,GEHAEUSE,0.487,1.329,nissan,18864.0,1
B6010VK40B,SCHEINWERFER,0.946,15.0,nissan,14236.82,1
B606008J10,SCHEINWERFER,1.378,15.0,nissan,10363.41,1
B6060VK40B,SCHEINWERFER,1.045,15.0,nissan,14236.82,1
B655530G00,HECKLEUCHTE,0.88,5.0,nissan,11145.48,1
B655530G10,HECKLEUCHTE,0.88,5.0,nissan,12066.67,1
B6555V5000,HECKLEUCHTE,1.65,5.0,nissan,13600.16,1
B6615EQ000,FERNLICHT,2.305,15.0,nissan,32814.71,1
B889UHS26E,WISCHERBLATT,0.163,0.74,nissan,1566.5,1
B891005J00,BEHAELTER,0.602,1.0,nissan,25986.73,1
C139725X2H,DICHTUNG,0.472,1.287,nissan,24516.13,1
C213606P01,SIMMERRING,0.154,0.42,nissan,3531.5,1
F20240W027,STOSSECKE,0.979,25.0,nissan,5703.22,1
F20301HAAH,VERSTAERKUNG,1.837,10.0,nissan,6393.32,1
F2520EL0MA,BLECH,0.288,5.0,nissan,4566.66,1
F2M228H725,STOSSSTANGE,6.05,25.0,nissan,26265.76,1
F2M22EQ025,STOSSSTANGE,6.05,25.0,nissan,28892.57,1
F2M262S425,STOSSSTANGE,3.542,25.0,nissan,21778.49,1
F31011AAMA,Kotfluegel,9.328,45.0,nissan,21556.84,1
F31011HBMB,KOTFLUEGEL,4.697,45.0,nissan,12302.47,1
F38641LA0A,Halter,0.199,0.905,nissan,1891.9,1
F38651LA0A,Halter,0.195,0.885,nissan,1891.9,1
F3H10VK000,VERBREITERUNG,3.795,10.0,nissan,14772.87,1
F3H152S600,VERBREITERUNG,0.595,10.0,nissan,14308.34,1
F510M1AAMA,MOTORHAUBE,19.8,40.0,nissan,41643.07,1
G51115NAMA,Laengstraeger,7.414,26.96,nissan,13658.32,1
G8A008H730,SEITENTEIL,8.932,40.6,nissan,39435.98,1
G9110JD0M0,HECKBLECH,5.082,18.48,nissan,19320.67,1
H01009U0M0,TUER,22.0,50.0,nissan,38782.03,1
H0101ZN9MA,TUER,27.5,50.0,nissan,78132.33,1
H010M3Y5MA,TUER,18.216,50.0,nissan,54124.75,1
H0153JD0M0,TUERBLECH,5.72,50.0,nissan,15945.58,1
H210ACB0MA,TUER,19.82,50.0,nissan,45495.25,1
H430043UCM,KOFFERDECKEL,11.88,15.0,nissan,37691.84,1
H50250W026,STOSSECKE,1.076,25.0,nissan,7074.0,1
HBA0A5UBMA,TUER,19.184,50.0,nissan,55798.14,1
HEM22CC20H,STOSSSTANGE,5.489,25.0,nissan,39435.98,1
J215179919,SCHLAUCH,0.167,0.76,nissan,1981.51,1
K38282S710,VERBREITERUNG,2.453,10.0,nissan,16725.29,1
K38292S710,VERBREITERUNG,2.365,10.0,nissan,30569.9,1
K63731LB0A,ABDECKUNG,0.29,0.792,nissan,9788.06,1
K88208H43E,AIRBAGSENSOR,0.33,0.9,nissan,43029.57,1
KP61000250,DICHTUNGSMASSE,0.333,0.909,nissan,3946.51,1
